01679a23ddba2d47ca79f511998061bbcbb4de08	ANDROID: gki: Enable pkvm pviommu driver	arch/arm64/configs/gki_defconfig
019f81c100ba56cd3cd68cbfaf1ea1386bc17582	ANDROID: gki_defconfig: enable CONFIG_TASK_DELAY_ACCT	arch/arm64/configs/gki_defconfig
019f81c100ba56cd3cd68cbfaf1ea1386bc17582	ANDROID: gki_defconfig: enable CONFIG_TASK_DELAY_ACCT	arch/riscv/configs/gki_defconfig
019f81c100ba56cd3cd68cbfaf1ea1386bc17582	ANDROID: gki_defconfig: enable CONFIG_TASK_DELAY_ACCT	arch/x86/configs/gki_defconfig
0413ebe13428991b923ba27672b56159b5d84769	ANDROID: arm64: Export system_32bit_el0_cpumask symbol	arch/arm64/kernel/cpufeature.c
0511623cc978c0c7540fdb748de424913ffaf00f	ANDROID: gki_defconfig: enable NVME	arch/arm64/configs/gki_defconfig
0511623cc978c0c7540fdb748de424913ffaf00f	ANDROID: gki_defconfig: enable NVME	arch/x86/configs/gki_defconfig
0526833d4674e762cad4918f1076e86699f0cd1d	ANDROID: set CONFIG_IKHEADERS=m for gki_defconfig.	arch/arm64/configs/gki_defconfig
0526833d4674e762cad4918f1076e86699f0cd1d	ANDROID: set CONFIG_IKHEADERS=m for gki_defconfig.	arch/x86/configs/gki_defconfig
0526833d4674e762cad4918f1076e86699f0cd1d	ANDROID: set CONFIG_IKHEADERS=m for gki_defconfig.	modules.bzl
094f5702db8686e9736e799cab89a2e5778a3d86	ANDROID: debug_kinfo driver, move to drivers/android	arch/arm64/configs/gki_defconfig
094f5702db8686e9736e799cab89a2e5778a3d86	ANDROID: debug_kinfo driver, move to drivers/android	arch/x86/configs/gki_defconfig
094f5702db8686e9736e799cab89a2e5778a3d86	ANDROID: debug_kinfo driver, move to drivers/android	drivers/android/Kconfig
094f5702db8686e9736e799cab89a2e5778a3d86	ANDROID: debug_kinfo driver, move to drivers/android	drivers/android/Makefile
094f5702db8686e9736e799cab89a2e5778a3d86	ANDROID: debug_kinfo driver, move to drivers/android	drivers/android/debug_kinfo.c
094f5702db8686e9736e799cab89a2e5778a3d86	ANDROID: debug_kinfo driver, move to drivers/android	drivers/android/debug_kinfo.h
094f5702db8686e9736e799cab89a2e5778a3d86	ANDROID: debug_kinfo driver, move to drivers/android	drivers/staging/android/Kconfig
094f5702db8686e9736e799cab89a2e5778a3d86	ANDROID: debug_kinfo driver, move to drivers/android	drivers/staging/android/Makefile
108c31cb883083647c80558013f20af2601b0b8f	ANDROID: gki_defconfig: enable CONFIG_CFG80211_CERTIFICATION_ONUS and CONFIG_CFG80211_REG_CELLULAR_HINTS	arch/arm64/configs/gki_defconfig
108c31cb883083647c80558013f20af2601b0b8f	ANDROID: gki_defconfig: enable CONFIG_CFG80211_CERTIFICATION_ONUS and CONFIG_CFG80211_REG_CELLULAR_HINTS	arch/riscv/configs/gki_defconfig
108c31cb883083647c80558013f20af2601b0b8f	ANDROID: gki_defconfig: enable CONFIG_CFG80211_CERTIFICATION_ONUS and CONFIG_CFG80211_REG_CELLULAR_HINTS	arch/x86/configs/gki_defconfig
10cbbf6e16fc1c011b0fab01afd24243cd25acc7	ANDROID: ARM64: gki_defconfig: Enable PKVM guest driver	arch/arm64/configs/gki_defconfig
11fff9ebbaaf01c735b66f2d44c1a33aae3d8db0	ANDROID: Disable CONFIG_THERMAL_STATISTICS	arch/arm64/configs/gki_defconfig
11fff9ebbaaf01c735b66f2d44c1a33aae3d8db0	ANDROID: Disable CONFIG_THERMAL_STATISTICS	arch/x86/configs/gki_defconfig
1505ec475522faf38c28440ea5ef23304c995e3e	ANDROID: arm64: stacktrace: Export arch_stack_walk symbol	arch/arm64/kernel/stacktrace.c
16f70cf957527923eeb898607e45d91605974bb7	ANDROID: rockpi4_gki.fragment deletes unset configs.	arch/arm64/configs/rockpi4_gki.fragment
18f07e20b9588048517a112d8c509b9df1a4fee0	ANDROID: Relocate non-GKI defconfig fragments	BUILD.bazel
18f07e20b9588048517a112d8c509b9df1a4fee0	ANDROID: Relocate non-GKI defconfig fragments	arch/arm/configs/allmodconfig.fragment
18f07e20b9588048517a112d8c509b9df1a4fee0	ANDROID: Relocate non-GKI defconfig fragments	arch/arm64/configs/allmodconfig.fragment
18f07e20b9588048517a112d8c509b9df1a4fee0	ANDROID: Relocate non-GKI defconfig fragments	arch/x86/configs/allmodconfig.fragment
1a5787e547f7373f4efae4e5e45e44a7cb902803	ANDROID: Disable BTI_KERNEL, enable UNWIND_PATCH_PAC_INTO_SCS	arch/arm64/configs/gki_defconfig
1c7700028e309ca4f3ea6d5e6e5d477a66746cda	ANDROID: db845c: enable CONFIG_USB_XHCI_PCI_RENESAS	BUILD.bazel
1c7700028e309ca4f3ea6d5e6e5d477a66746cda	ANDROID: db845c: enable CONFIG_USB_XHCI_PCI_RENESAS	arch/arm64/configs/db845c_gki.fragment
1d019c2ab208ecd7619482b535980d46af123329	ANDROID: CONFIG_MODPROBE_PATH to toolbox's modprobe	arch/arm64/configs/gki_defconfig
1e0ed73b2ee069946d6dce3073bc3d16095559d8	ANDROID: Enable SM8450 drivers and DTB in the db845c config	BUILD.bazel
1e0ed73b2ee069946d6dce3073bc3d16095559d8	ANDROID: Enable SM8450 drivers and DTB in the db845c config	arch/arm64/configs/db845c_gki.fragment
1e0ed73b2ee069946d6dce3073bc3d16095559d8	ANDROID: Enable SM8450 drivers and DTB in the db845c config	build.config.db845c
1efbd4d1e5e1edfca763d1f056531a090f40e940	ANDROID: microdroid_defconfig: add arm64.nompam to CONFIG_CMDLINE	arch/arm64/configs/microdroid_defconfig
1f07663b72a460ffa04d80be7d4e9ec9ce0a9a8c	ANDROID: gki_defconfig: Enable CONFIG_NVME_MULTIPATH	arch/arm64/configs/gki_defconfig
1f07663b72a460ffa04d80be7d4e9ec9ce0a9a8c	ANDROID: gki_defconfig: Enable CONFIG_NVME_MULTIPATH	arch/x86/configs/gki_defconfig
1fc049da7bb6cf282700896ad8e6a0e169c63a28	ANDROID: microdroid: disable unneeded networking options	arch/arm64/configs/microdroid_defconfig
1fc049da7bb6cf282700896ad8e6a0e169c63a28	ANDROID: microdroid: disable unneeded networking options	arch/x86/configs/microdroid_defconfig
231aa95f2d2af5612ae7f4cbd81e217af310344c	ANDROID: gki_defconfig: update for 6.1-rc1	arch/arm64/configs/gki_defconfig
231aa95f2d2af5612ae7f4cbd81e217af310344c	ANDROID: gki_defconfig: update for 6.1-rc1	arch/x86/configs/gki_defconfig
259d671ac091aeabaee6b5481fb3c64f4a4d6e86	ANDROID: Disable UAPI_HEADER_TEST for allmodconfig	arch/arm/configs/allmodconfig.fragment
259d671ac091aeabaee6b5481fb3c64f4a4d6e86	ANDROID: Disable UAPI_HEADER_TEST for allmodconfig	arch/arm64/configs/allmodconfig.fragment
259d671ac091aeabaee6b5481fb3c64f4a4d6e86	ANDROID: Disable UAPI_HEADER_TEST for allmodconfig	arch/x86/configs/allmodconfig.fragment
2adcf76c3caedb133809452c7a49bd461862f556	ANDROID: microdroid_defconfig: enable CONFIG_CMDLINE_EXTEND	arch/arm64/configs/microdroid_defconfig
2be286b89b69c39c54ba79162dc7cb5745527e95	ANDROID: Explicitly disable CFI_ICALL_NORMALIZE_INTEGERS on arm64	arch/arm64/configs/gki_defconfig
2cfc63c17a8c70e3b1441b420d5692c42b24e979	ANDROID: gki_defconfig: Re-align defconfigs with saveconfig after latest merge	arch/arm64/configs/gki_defconfig
2cfc63c17a8c70e3b1441b420d5692c42b24e979	ANDROID: gki_defconfig: Re-align defconfigs with saveconfig after latest merge	arch/riscv/configs/gki_defconfig
2cfc63c17a8c70e3b1441b420d5692c42b24e979	ANDROID: gki_defconfig: Re-align defconfigs with saveconfig after latest merge	arch/x86/configs/gki_defconfig
30759bf85ea88fd3f68750cd28a6690a823deb00	ANDROID: remove CONFIG_IOSCHED_BFQ from gki_defconfig	arch/arm64/configs/gki_defconfig
30759bf85ea88fd3f68750cd28a6690a823deb00	ANDROID: remove CONFIG_IOSCHED_BFQ from gki_defconfig	arch/x86/configs/gki_defconfig
341a788ad81417b9ea41894a7f5e65f536201c4e	ANDROID: gki_defconfig: remove CONFIG_UBSAN_OBJECT_SIZE	arch/arm64/configs/gki_defconfig
341a788ad81417b9ea41894a7f5e65f536201c4e	ANDROID: gki_defconfig: remove CONFIG_UBSAN_OBJECT_SIZE	arch/x86/configs/gki_defconfig
37a53756be36ac94c508549263d04d938c46f1e3	ANDROID: Enable CONFIG_STACKTRACE_BUILD_ID=y	arch/arm64/configs/gki_defconfig
37a53756be36ac94c508549263d04d938c46f1e3	ANDROID: Enable CONFIG_STACKTRACE_BUILD_ID=y	arch/x86/configs/gki_defconfig
3b053dc46350afbb02009b4babcde8ddb476c8f5	ANDROID: gki_defconfig: enable CONFIG_SPI_MEM	arch/arm64/configs/gki_defconfig
3b053dc46350afbb02009b4babcde8ddb476c8f5	ANDROID: gki_defconfig: enable CONFIG_SPI_MEM	arch/x86/configs/gki_defconfig
3b9aa206619085aa5248dc4cc3505656ed6a01e0	ANDROID: gki_defconfig: remove CONFIG_ND_BLK	arch/arm64/configs/gki_defconfig
3b9aa206619085aa5248dc4cc3505656ed6a01e0	ANDROID: gki_defconfig: remove CONFIG_ND_BLK	arch/x86/configs/gki_defconfig
3d11428ad8baec63493e03a4f0759e379f31f36d	ANDROID: gki_defconfig: Realign succinct defconfigs with latest UBSAN_SHIFT changes	arch/arm64/configs/gki_defconfig
3d11428ad8baec63493e03a4f0759e379f31f36d	ANDROID: gki_defconfig: Realign succinct defconfigs with latest UBSAN_SHIFT changes	arch/riscv/configs/gki_defconfig
3d11428ad8baec63493e03a4f0759e379f31f36d	ANDROID: gki_defconfig: Realign succinct defconfigs with latest UBSAN_SHIFT changes	arch/x86/configs/gki_defconfig
3f9280f10078b32aaa2ca3585a66c8576c20354a	ANDROID: microdroid_defconfig: remove CONFIG_MODULES	arch/arm64/configs/microdroid_defconfig
3f9280f10078b32aaa2ca3585a66c8576c20354a	ANDROID: microdroid_defconfig: remove CONFIG_MODULES	arch/x86/configs/microdroid_defconfig
3fbf22de81899d13fa4d11ccfdcfda3ccb419e36	ANDROID: Drop CONFIG_LOCALVERSION/KMI_GENERATION from gki_defconfig.	arch/arm64/configs/gki_defconfig
3fbf22de81899d13fa4d11ccfdcfda3ccb419e36	ANDROID: Drop CONFIG_LOCALVERSION/KMI_GENERATION from gki_defconfig.	arch/x86/configs/gki_defconfig
3fbf22de81899d13fa4d11ccfdcfda3ccb419e36	ANDROID: Drop CONFIG_LOCALVERSION/KMI_GENERATION from gki_defconfig.	build.config.common
484348c4904a62d71c44a703719a7785615c4c9f	ANDROID: thermal: enable 'Bang Bang thermal governor'	arch/arm64/configs/gki_defconfig
484348c4904a62d71c44a703719a7785615c4c9f	ANDROID: thermal: enable 'Bang Bang thermal governor'	arch/riscv/configs/gki_defconfig
484348c4904a62d71c44a703719a7785615c4c9f	ANDROID: thermal: enable 'Bang Bang thermal governor'	arch/x86/configs/gki_defconfig
487780fd77b185877e60f446596715681ee79d1d	ANDROID: gki_defconfig: drop CRYPTO_SHA2_ARM64_CE	arch/arm64/configs/gki_defconfig
48f89dd45e8304064fe7617b3a1ba73848ecaa12	ANDROID: fix crashdump_defconfig menuconfig	arch/arm64/configs/crashdump_defconfig
48f89dd45e8304064fe7617b3a1ba73848ecaa12	ANDROID: fix crashdump_defconfig menuconfig	arch/x86/configs/crashdump_defconfig
4af25374e900528b5e78aae87b1bdda1333c2910	ANDROID: Enable PM_USERSPACE_AUTOSLEEP in gki_defconfig	arch/arm64/configs/gki_defconfig
4af25374e900528b5e78aae87b1bdda1333c2910	ANDROID: Enable PM_USERSPACE_AUTOSLEEP in gki_defconfig	arch/x86/configs/gki_defconfig
4f49b6666ae6538435ef71bfa2dcb52dfaf6e0e6	ANDROID: add CONFIG_NETFILTER_XT_TARGET_LOG to gki_defconfig	arch/arm64/configs/gki_defconfig
4f49b6666ae6538435ef71bfa2dcb52dfaf6e0e6	ANDROID: add CONFIG_NETFILTER_XT_TARGET_LOG to gki_defconfig	arch/x86/configs/gki_defconfig
526226b49e99e98fb8347657ccd78e94aa02461d	ANDROID: kleaf: add raviole_upstream target	BUILD.bazel
526226b49e99e98fb8347657ccd78e94aa02461d	ANDROID: kleaf: add raviole_upstream target	arch/arm64/configs/raviole_gki.fragment
542062486f94a069c2f7c1f530e2daefeca13e72	ANDROID: gki_defconfig: disable CONFIG_FS_VERITY_BUILTIN_SIGNATURES	arch/arm64/configs/gki_defconfig
542062486f94a069c2f7c1f530e2daefeca13e72	ANDROID: gki_defconfig: disable CONFIG_FS_VERITY_BUILTIN_SIGNATURES	arch/riscv/configs/gki_defconfig
542062486f94a069c2f7c1f530e2daefeca13e72	ANDROID: gki_defconfig: disable CONFIG_FS_VERITY_BUILTIN_SIGNATURES	arch/x86/configs/gki_defconfig
54a8e7e137b0d5d803c54d1ede42787430ac5020	ANDROID: KVM: arm64: Fix pKVM module symbols import	arch/arm64/kernel/module.c
553b2422dfed8f72ebdd47a87e2a22e7bec9a11f	ANDROID: re-enable UBSAN_TRAP	arch/arm64/configs/gki_defconfig
553b2422dfed8f72ebdd47a87e2a22e7bec9a11f	ANDROID: re-enable UBSAN_TRAP	arch/x86/configs/gki_defconfig
56d33a1ce175339e7357806c9bdc2fcae86b7459	ANDROID: disable LTO and CFI	arch/arm64/configs/gki_defconfig
56d33a1ce175339e7357806c9bdc2fcae86b7459	ANDROID: disable LTO and CFI	arch/x86/configs/gki_defconfig
5856b63cc45790726299c7513293dbb50509caff	ANDROID: gki_defconfig: Enable powercap framework	arch/arm64/configs/gki_defconfig
5856b63cc45790726299c7513293dbb50509caff	ANDROID: gki_defconfig: Enable powercap framework	arch/x86/configs/gki_defconfig
59aeb0cc4e8c50236b160163fcbd788de995528c	ANDROID: gki - set CONFIG_BPF_LSM=y	arch/arm64/configs/gki_defconfig
59aeb0cc4e8c50236b160163fcbd788de995528c	ANDROID: gki - set CONFIG_BPF_LSM=y	arch/x86/configs/gki_defconfig
5bd2a15409fa155cde6904a1f53d90b2078b1ad7	ANDROID: gki_defconfig - set CONFIG_IP_NF_MATCH_RPFILTER	arch/arm64/configs/gki_defconfig
5bd2a15409fa155cde6904a1f53d90b2078b1ad7	ANDROID: gki_defconfig - set CONFIG_IP_NF_MATCH_RPFILTER	arch/x86/configs/gki_defconfig
6138297f3eb8126fc6aef71dea23fb28704c2ba7	ANDROID: gki_defconfig: enable LEGACY TABLE configs	arch/arm64/configs/gki_defconfig
6138297f3eb8126fc6aef71dea23fb28704c2ba7	ANDROID: gki_defconfig: enable LEGACY TABLE configs	arch/x86/configs/gki_defconfig
67bc38c735910ad4619e2888060cfa46852e1af5	ANDROID: db845c: enable I2C_DESIGNWARE_CORE with I2C_DESIGNWARE_PLATFORM	arch/arm64/configs/db845c_gki.fragment
695e31e50f626d95def1e1a8d677b4adfe572c89	ANDROID: microdroid: remove CONFIG_DM_INIT	arch/arm64/configs/microdroid_defconfig
695e31e50f626d95def1e1a8d677b4adfe572c89	ANDROID: microdroid: remove CONFIG_DM_INIT	arch/x86/configs/microdroid_defconfig
6a2c13a33b449ac2553caba290bbc8046bbd4ada	ANDROID: gki_defconfig: temporarily enable CONFIG_CPUSETS_V1=y	arch/arm64/configs/gki_defconfig
6ab8cf3e119e5846b97e0cd66ade22fa83d7ddde	ANDROID: microdroid: remove unneeded crypto and compression options	arch/arm64/configs/microdroid_defconfig
6ab8cf3e119e5846b97e0cd66ade22fa83d7ddde	ANDROID: microdroid: remove unneeded crypto and compression options	arch/x86/configs/microdroid_defconfig
6c25e06df41a2924fae86d14ce68828a3fc58f24	ANDROID: gki_defconfig: enable CONFIG_BLK_CGROUP_IOPRIO	arch/arm64/configs/gki_defconfig
6c25e06df41a2924fae86d14ce68828a3fc58f24	ANDROID: gki_defconfig: enable CONFIG_BLK_CGROUP_IOPRIO	arch/riscv/configs/gki_defconfig
6c25e06df41a2924fae86d14ce68828a3fc58f24	ANDROID: gki_defconfig: enable CONFIG_BLK_CGROUP_IOPRIO	arch/x86/configs/gki_defconfig
6c3aa6981b4f01089109ddd7977d13859e540f0e	ANDROID: db845c_gki: Enable PINCTRL_SM8250_LPASS_LPI	BUILD.bazel
6c3aa6981b4f01089109ddd7977d13859e540f0e	ANDROID: db845c_gki: Enable PINCTRL_SM8250_LPASS_LPI	arch/arm64/configs/db845c_gki.fragment
6cfcfd067264114a9fb2cbed97416423f49a3e9d	ANDROID: db845c_gki: Enable QCOM_GPI_DMA=m	BUILD.bazel
6cfcfd067264114a9fb2cbed97416423f49a3e9d	ANDROID: db845c_gki: Enable QCOM_GPI_DMA=m	arch/arm64/configs/db845c_gki.fragment
6e56dfb26594c4a2e88ec3403b04f2699b011cf6	ANDROID: fix up arm64 gki_defconfig for CONFIG_CLK_SUNXI	arch/arm64/configs/gki_defconfig
6f8a578813cc9ebfc986f3205ca1931c1d49e2df	ANDROID: db845c fix defconfig to be like .config	arch/arm64/configs/db845c_gki.fragment
70723dd2ed4be3b1b91f1a26edef487509002b53	ANDROID: gki_config: enable F2FS_UNFAIR_RWSEM	arch/arm64/configs/gki_defconfig
70723dd2ed4be3b1b91f1a26edef487509002b53	ANDROID: gki_config: enable F2FS_UNFAIR_RWSEM	arch/x86/configs/gki_defconfig
70df9211dfd23dcca49559b755fcbedca90eeb7c	ANDROID: gki_defconfig: cfi: unconditionally normalize integers	arch/arm64/configs/gki_defconfig
70df9211dfd23dcca49559b755fcbedca90eeb7c	ANDROID: gki_defconfig: cfi: unconditionally normalize integers	arch/x86/configs/gki_defconfig
727323e6ce8226ed8bf19ad9d89abebe2d515cc7	ANDROID: Update crashdump defconfig.	arch/arm64/configs/crashdump_defconfig
727323e6ce8226ed8bf19ad9d89abebe2d515cc7	ANDROID: Update crashdump defconfig.	arch/x86/configs/crashdump_defconfig
74e94c13d71a269602b4f276c08c585815ce81aa	ANDROID: Enable CONFIG_LAZY_RCU in arm64 gki_defconfig	arch/arm64/configs/gki_defconfig
76bbef6aa9343f8a5c2914784c314d24e22ef294	ANDROID: arm64: vdso32: support user-supplied flags	Documentation/kbuild/kbuild.rst
76bbef6aa9343f8a5c2914784c314d24e22ef294	ANDROID: arm64: vdso32: support user-supplied flags	arch/arm64/kernel/vdso32/Makefile
78b7fb432ac1cde9a9575c2576f4a57e2ef6d26a	ANDROID: gki_defconfig: Enable CONFIG_PROVE_LOCKING for android-mainline	arch/arm64/configs/gki_defconfig
78b7fb432ac1cde9a9575c2576f4a57e2ef6d26a	ANDROID: gki_defconfig: Enable CONFIG_PROVE_LOCKING for android-mainline	arch/riscv/configs/gki_defconfig
78b7fb432ac1cde9a9575c2576f4a57e2ef6d26a	ANDROID: gki_defconfig: Enable CONFIG_PROVE_LOCKING for android-mainline	arch/x86/configs/gki_defconfig
79e617648399889cc7b10253ce6f97c84ee57a8e	ANDROID: gki_defconfig: Remove traces of non-existent symbol WLAN_VENDOR_CISCO	arch/arm64/configs/gki_defconfig
79e617648399889cc7b10253ce6f97c84ee57a8e	ANDROID: gki_defconfig: Remove traces of non-existent symbol WLAN_VENDOR_CISCO	arch/riscv/configs/gki_defconfig
79e617648399889cc7b10253ce6f97c84ee57a8e	ANDROID: gki_defconfig: Remove traces of non-existent symbol WLAN_VENDOR_CISCO	arch/x86/configs/gki_defconfig
7a7c5f9c04767c46d8f79095e6aaef1f07bd87e4	ANDROID: db845c: Enable RB3Gen2 drivers and DTB	BUILD.bazel
7a7c5f9c04767c46d8f79095e6aaef1f07bd87e4	ANDROID: db845c: Enable RB3Gen2 drivers and DTB	arch/arm64/configs/db845c_gki.fragment
7d16bfc115c0c46c4fb1beeb140e723a9b9117d5	ANDROID: gki: enable Rust	arch/arm64/configs/gki_defconfig
7d16bfc115c0c46c4fb1beeb140e723a9b9117d5	ANDROID: gki: enable Rust	arch/x86/configs/gki_defconfig
7d9eeed3c5fdb36884ad8395f5123edbdd29eb1f	ANDROID: gki - set CONFIG_USB_NET_AX88179_178A=y (usb gbit ethernet dongle)	arch/arm64/configs/db845c_gki.fragment
7d9eeed3c5fdb36884ad8395f5123edbdd29eb1f	ANDROID: gki - set CONFIG_USB_NET_AX88179_178A=y (usb gbit ethernet dongle)	arch/arm64/configs/gki_defconfig
7d9eeed3c5fdb36884ad8395f5123edbdd29eb1f	ANDROID: gki - set CONFIG_USB_NET_AX88179_178A=y (usb gbit ethernet dongle)	arch/x86/configs/gki_defconfig
8283cb5b7d377789473ff95f73a869399d5adeab	ANDROID: gki_config: use DWARFv5 rather than DWARFv4	arch/arm64/configs/gki_defconfig
8283cb5b7d377789473ff95f73a869399d5adeab	ANDROID: gki_config: use DWARFv5 rather than DWARFv4	arch/x86/configs/gki_defconfig
83571e3b13db8d4ce64cc62644b35181125867cf	ANDROID: gki_defconfig: Enable RCU_BOOST config	arch/arm64/configs/gki_defconfig
83571e3b13db8d4ce64cc62644b35181125867cf	ANDROID: gki_defconfig: Enable RCU_BOOST config	arch/x86/configs/gki_defconfig
874c5214ddec80ecb91432d6a935cd745382ce78	ANDROID: gki_defconfig: Shuffle ARM_SCMI_POWER_DOMAIN to its default location	arch/arm64/configs/gki_defconfig
8765527b3df18016f8f3e75f16cab594c64a78ab	ANDROID: KVM: arm64: add CONFIG_KVM guard	arch/arm64/kernel/module-plts.c
8865648056d9bb9bacfca63c8057e4460d185ba4	ANDROID: gki_defconfig: Enable asynchronous scanning	arch/arm64/configs/gki_defconfig
8865648056d9bb9bacfca63c8057e4460d185ba4	ANDROID: gki_defconfig: Enable asynchronous scanning	arch/x86/configs/gki_defconfig
88b166cbf253597ca9ad00be17fc6ae4864d0190	ANDROID: gki_defconfig: enable IPV6_MROUTE	arch/arm64/configs/gki_defconfig
88b166cbf253597ca9ad00be17fc6ae4864d0190	ANDROID: gki_defconfig: enable IPV6_MROUTE	arch/x86/configs/gki_defconfig
89bb19098637239351ba3e38f5fe5892da368d01	ANDROID: ARM64: microdroid_defconfig: Enable PKVM guest driver	arch/arm64/configs/microdroid_defconfig
8b4d6dfa520d2a494ed95bd70f9f0ad06b83fc27	ANDROID: zram: enable ZRAM_ANDROID_IOCTL config	arch/arm64/configs/gki_defconfig
8b4d6dfa520d2a494ed95bd70f9f0ad06b83fc27	ANDROID: zram: enable ZRAM_ANDROID_IOCTL config	arch/x86/configs/gki_defconfig
8baccecfb7cbc0ba74f8db24bf389e10b704c0fa	ANDROID: Enable DWARF CRCs and long symbols for MODVERSIONS	arch/arm64/configs/gki_defconfig
8baccecfb7cbc0ba74f8db24bf389e10b704c0fa	ANDROID: Enable DWARF CRCs and long symbols for MODVERSIONS	arch/x86/configs/gki_defconfig
8d8ecf0fa053b7d840d35cb1d419c4e2165587e5	ANDROID: remove CONFIG_DEBUG_PREEMPT from arm64 gki_defconfig	arch/arm64/configs/gki_defconfig
8ea06136d1faa5fb876ef72517c88611540cd040	ANDROID: microdroid: Enable AES and POLYVAL acceleration	arch/arm64/configs/microdroid_defconfig
8ecace13c2c675bb91ca3ece07249e78c01f731c	ANDROID: gki_defconfig: enable CRYPTO_NULL	arch/arm64/configs/gki_defconfig
8ecace13c2c675bb91ca3ece07249e78c01f731c	ANDROID: gki_defconfig: enable CRYPTO_NULL	arch/x86/configs/gki_defconfig
9210d0290eaa9aa188c661ca64e4c62cb458deaa	ANDROID: Move the raviole_upstream target to devices/google/raviole	BUILD.bazel
9210d0290eaa9aa188c661ca64e4c62cb458deaa	ANDROID: Move the raviole_upstream target to devices/google/raviole	arch/arm64/configs/raviole_gki.fragment
9494d8ce1b971a2774391f94eba4d5443d45f4de	ANDROID: gki_defconfig: Enable CONFIG_RANDOM_TRUST_CPU=y	arch/arm64/configs/gki_defconfig
9494d8ce1b971a2774391f94eba4d5443d45f4de	ANDROID: gki_defconfig: Enable CONFIG_RANDOM_TRUST_CPU=y	arch/x86/configs/gki_defconfig
957b40b3b769bc23db3d6491db267e3166f91316	ANDROID: usb: gadget: configfs: Add Uevent to notify userspace	Documentation/ABI/testing/sysfs-class-android_usb
957b40b3b769bc23db3d6491db267e3166f91316	ANDROID: usb: gadget: configfs: Add Uevent to notify userspace	arch/arm64/configs/gki_defconfig
957b40b3b769bc23db3d6491db267e3166f91316	ANDROID: usb: gadget: configfs: Add Uevent to notify userspace	arch/x86/configs/gki_defconfig
957b40b3b769bc23db3d6491db267e3166f91316	ANDROID: usb: gadget: configfs: Add Uevent to notify userspace	drivers/usb/gadget/Kconfig
957b40b3b769bc23db3d6491db267e3166f91316	ANDROID: usb: gadget: configfs: Add Uevent to notify userspace	drivers/usb/gadget/Makefile
957b40b3b769bc23db3d6491db267e3166f91316	ANDROID: usb: gadget: configfs: Add Uevent to notify userspace	drivers/usb/gadget/android_configfs_uevent.c
957b40b3b769bc23db3d6491db267e3166f91316	ANDROID: usb: gadget: configfs: Add Uevent to notify userspace	drivers/usb/gadget/android_configfs_uevent.h
957b40b3b769bc23db3d6491db267e3166f91316	ANDROID: usb: gadget: configfs: Add Uevent to notify userspace	drivers/usb/gadget/composite.c
957b40b3b769bc23db3d6491db267e3166f91316	ANDROID: usb: gadget: configfs: Add Uevent to notify userspace	drivers/usb/gadget/configfs.c
957b40b3b769bc23db3d6491db267e3166f91316	ANDROID: usb: gadget: configfs: Add Uevent to notify userspace	include/linux/usb/android_configfs_uevent.h
957b40b3b769bc23db3d6491db267e3166f91316	ANDROID: usb: gadget: configfs: Add Uevent to notify userspace	include/linux/usb/composite.h
96f7baefd92add1868c76b72cc09edf35f666475	ANDROID: gki_defconfig: enable CONFIG_USB_CONFIGFS_F_UVC	arch/arm64/configs/gki_defconfig
96f7baefd92add1868c76b72cc09edf35f666475	ANDROID: gki_defconfig: enable CONFIG_USB_CONFIGFS_F_UVC	arch/x86/configs/gki_defconfig
97da0753316050fa58734c5d83e6bbc4147e4b22	ANDROID: temporary disable UBSAN_TRAP	arch/arm64/configs/gki_defconfig
97da0753316050fa58734c5d83e6bbc4147e4b22	ANDROID: temporary disable UBSAN_TRAP	arch/x86/configs/gki_defconfig
97fcbfc0c686420dfe3e4450e465bffb6f9e30c7	ANDROID: gki_defconfig: Ensure KVM is configured in "protected" mode	arch/arm64/configs/gki_defconfig
99ad7464a2ac3531964784d38e22336442dd486f	ANDROID: arm64: Forcefully disable SME at runtime	arch/arm64/kernel/pi/idreg-override.c
9c5ef7c1d46d06cfb5bdb28fc10deba88b19c1b5	ANDROID: Move microdroid and crashdump defconfigs to common	BUILD.bazel
9c5ef7c1d46d06cfb5bdb28fc10deba88b19c1b5	ANDROID: Move microdroid and crashdump defconfigs to common	arch/arm64/configs/crashdump_defconfig
9c5ef7c1d46d06cfb5bdb28fc10deba88b19c1b5	ANDROID: Move microdroid and crashdump defconfigs to common	arch/arm64/configs/microdroid_defconfig
9c5ef7c1d46d06cfb5bdb28fc10deba88b19c1b5	ANDROID: Move microdroid and crashdump defconfigs to common	arch/x86/configs/crashdump_defconfig
9c5ef7c1d46d06cfb5bdb28fc10deba88b19c1b5	ANDROID: Move microdroid and crashdump defconfigs to common	arch/x86/configs/microdroid_defconfig
9c5ef7c1d46d06cfb5bdb28fc10deba88b19c1b5	ANDROID: Move microdroid and crashdump defconfigs to common	build.config.crashdump
9c5ef7c1d46d06cfb5bdb28fc10deba88b19c1b5	ANDROID: Move microdroid and crashdump defconfigs to common	build.config.crashdump.aarch64
9c5ef7c1d46d06cfb5bdb28fc10deba88b19c1b5	ANDROID: Move microdroid and crashdump defconfigs to common	build.config.crashdump.x86_64
9c5ef7c1d46d06cfb5bdb28fc10deba88b19c1b5	ANDROID: Move microdroid and crashdump defconfigs to common	build.config.microdroid
9c5ef7c1d46d06cfb5bdb28fc10deba88b19c1b5	ANDROID: Move microdroid and crashdump defconfigs to common	build.config.microdroid.aarch64
9c5ef7c1d46d06cfb5bdb28fc10deba88b19c1b5	ANDROID: Move microdroid and crashdump defconfigs to common	build.config.microdroid.x86_64
9d21c78ebbcda7e005ddf3007b789c9ea7b1c636	ANDROID: [GKI] Include ioremap_guard in cmdline arg	arch/arm64/configs/gki_defconfig
9e38fda7a31df4d020300b3b26a77e3187b9dd23	ANDROID: Enable CONFIG_ARM64_PSEUDO_NMI	arch/arm64/configs/gki_defconfig
a00f0af4bea6a89d065085447fc37bbf1fa37ed4	ANDROID: remove CONFIG_HW_RANDOM_CAVIUM from arm64 gki_defconfig	arch/arm64/configs/gki_defconfig
a0cfb5ab27ce470e8f62c0d7159ffd924416d78f	ANDROID: fix up gki_defconfig files due to Kconfig movements	arch/arm64/configs/gki_defconfig
a0cfb5ab27ce470e8f62c0d7159ffd924416d78f	ANDROID: fix up gki_defconfig files due to Kconfig movements	arch/x86/configs/gki_defconfig
a8696cd0d953644077dec1ea7bc035cbb2825ff5	ANDROID: gki_defconfig: Disable PINCTRL_SUN55I_A523	arch/arm64/configs/gki_defconfig
ac5f05162e45089d6273ee3244b4b195fd60179a	ANDROID: reorder the ufs config options in gki_defconfig	arch/arm64/configs/gki_defconfig
ac5f05162e45089d6273ee3244b4b195fd60179a	ANDROID: reorder the ufs config options in gki_defconfig	arch/x86/configs/gki_defconfig
aec61197c524ee103afa522569ef2d548c008726	ANDROID: db845c_gki.fragment:  Remove CONFIG_LEDS_CLASS_MULTICOLOR as its in gki_defconfig now	arch/arm64/configs/db845c_gki.fragment
b1349346cf7099eae24715b6830166c13ff65b3f	ANDROID: gki_defconfig: Enable lz4 and lzo support for ZRAM	arch/arm64/configs/gki_defconfig
b1349346cf7099eae24715b6830166c13ff65b3f	ANDROID: gki_defconfig: Enable lz4 and lzo support for ZRAM	arch/x86/configs/gki_defconfig
b1b26a65b20e3448c3837281a88afb38a3493035	ANDROID: Enable percpu high priority kthreads for erofs	arch/arm64/configs/gki_defconfig
b1b26a65b20e3448c3837281a88afb38a3493035	ANDROID: Enable percpu high priority kthreads for erofs	arch/riscv/configs/gki_defconfig
b1b26a65b20e3448c3837281a88afb38a3493035	ANDROID: Enable percpu high priority kthreads for erofs	arch/x86/configs/gki_defconfig
b23f669cb4e118b9bc9eff68c4e1f8e44af83362	ANDROID: gki_defconfig: Realign succinct defconfigs with latest IP_NF_ARPTABLES changes	arch/arm64/configs/gki_defconfig
b23f669cb4e118b9bc9eff68c4e1f8e44af83362	ANDROID: gki_defconfig: Realign succinct defconfigs with latest IP_NF_ARPTABLES changes	arch/riscv/configs/gki_defconfig
b23f669cb4e118b9bc9eff68c4e1f8e44af83362	ANDROID: gki_defconfig: Realign succinct defconfigs with latest IP_NF_ARPTABLES changes	arch/x86/configs/gki_defconfig
b79b8bbe42a91f638dcd478668b530010c964b93	ANDROID: remove CONFIG_ANDROID from gki_defconfig files	arch/arm64/configs/gki_defconfig
b79b8bbe42a91f638dcd478668b530010c964b93	ANDROID: remove CONFIG_ANDROID from gki_defconfig files	arch/x86/configs/gki_defconfig
bad5679dcb92a574df6fc93007c488e5468f77bf	ANDROID: crashdump_defconfig: CONFIG_DMA_RESTRICTED_POOL=y	arch/arm64/configs/crashdump_defconfig
bbc506635e04e51846fe797ab2ab4c921cbf1020	ANDROID: db845c: Enable audio codecs and usb-c host mode on sm8550-hdk	BUILD.bazel
bbc506635e04e51846fe797ab2ab4c921cbf1020	ANDROID: db845c: Enable audio codecs and usb-c host mode on sm8550-hdk	arch/arm64/configs/db845c_gki.fragment
bda300f7b33104d973ab3752eef4dac3db456b0e	ANDROID: microdroid: add SHA-256 acceleration on arm64	arch/arm64/configs/microdroid_defconfig
bdf5a5a3ec6840ea073252e14703b9005a2cd375	ANDROID: mm: Memory health driver	Documentation/ABI/testing/procfs-driver-memhealth
bdf5a5a3ec6840ea073252e14703b9005a2cd375	ANDROID: mm: Memory health driver	arch/arm64/configs/gki_defconfig
bdf5a5a3ec6840ea073252e14703b9005a2cd375	ANDROID: mm: Memory health driver	arch/riscv/configs/gki_defconfig
bdf5a5a3ec6840ea073252e14703b9005a2cd375	ANDROID: mm: Memory health driver	arch/x86/configs/gki_defconfig
bdf5a5a3ec6840ea073252e14703b9005a2cd375	ANDROID: mm: Memory health driver	drivers/android/Kconfig
bdf5a5a3ec6840ea073252e14703b9005a2cd375	ANDROID: mm: Memory health driver	drivers/android/Makefile
bdf5a5a3ec6840ea073252e14703b9005a2cd375	ANDROID: mm: Memory health driver	drivers/android/memhealth.c
bdf5a5a3ec6840ea073252e14703b9005a2cd375	ANDROID: mm: Memory health driver	mm/oom_kill.c
bdf5a5a3ec6840ea073252e14703b9005a2cd375	ANDROID: mm: Memory health driver	modules.bzl
bf309bfecfed8d40a870a96a53d3c3c4448e67bf	ANDROID: gki_defconfig: enable debug_kinfo	arch/arm64/configs/gki_defconfig
bf309bfecfed8d40a870a96a53d3c3c4448e67bf	ANDROID: gki_defconfig: enable debug_kinfo	drivers/android/Kconfig
c6558dbc65174e444c3e67715787df0a1dc94e92	ANDROID: Drop CONFIG_UAPI_HEADER_TEST.	arch/arm64/configs/gki_defconfig
c6558dbc65174e444c3e67715787df0a1dc94e92	ANDROID: Drop CONFIG_UAPI_HEADER_TEST.	arch/x86/configs/gki_defconfig
c73c8d21580891f4cc434fa9d74fe049ff0299e9	ANDROID: gki: Enable VFIO platform and pKVM IOMMU	arch/arm64/configs/gki_defconfig
c7c67b6364ab256bd148d5c58516ff84a588c0b4	ANDROID: [GKI] Include bootconfig in CONFIG_CMDLINE	arch/arm64/configs/gki_defconfig
c7c67b6364ab256bd148d5c58516ff84a588c0b4	ANDROID: [GKI] Include bootconfig in CONFIG_CMDLINE	arch/x86/configs/gki_defconfig
c8b93c688f19ea3f9dccd2230c3da2d3ad926de7	ANDROID: gki_config: Disable CONFIG_DEBUG_STACK_USAGE	arch/arm64/configs/gki_defconfig
c8b93c688f19ea3f9dccd2230c3da2d3ad926de7	ANDROID: gki_config: Disable CONFIG_DEBUG_STACK_USAGE	arch/x86/configs/gki_defconfig
c8fe14d4adf9edbf5ecbcbc843dad5a938df9568	ANDROID: gki_defconfig: drop SYSFS_SYCALL unset	arch/arm64/configs/gki_defconfig
c8fe14d4adf9edbf5ecbcbc843dad5a938df9568	ANDROID: gki_defconfig: drop SYSFS_SYCALL unset	arch/x86/configs/gki_defconfig
c9e98bfeeeae4580143ec87b4f1f3ef8571dc331	ANDROID: gki_defconfig: enable IPV6_MROUTE_MULTIPLE_TABLES	arch/arm64/configs/gki_defconfig
c9e98bfeeeae4580143ec87b4f1f3ef8571dc331	ANDROID: gki_defconfig: enable IPV6_MROUTE_MULTIPLE_TABLES	arch/x86/configs/gki_defconfig
cb2e1c8daeca5b3c0ec7d8c92aa4b3b8d4bb499f	ANDROID: gki: switch CRC_CCITT to gki module	arch/arm64/configs/gki_defconfig
cb2e1c8daeca5b3c0ec7d8c92aa4b3b8d4bb499f	ANDROID: gki: switch CRC_CCITT to gki module	arch/x86/configs/gki_defconfig
cb2e1c8daeca5b3c0ec7d8c92aa4b3b8d4bb499f	ANDROID: gki: switch CRC_CCITT to gki module	modules.bzl
ce24789235ba7bb2e0835104d8510c2a56ae1fbb	ANDROID: remove CONFIG_NET_CLS_TCINDEX from gki_defconfig	arch/arm64/configs/gki_defconfig
ce24789235ba7bb2e0835104d8510c2a56ae1fbb	ANDROID: remove CONFIG_NET_CLS_TCINDEX from gki_defconfig	arch/x86/configs/gki_defconfig
cf4978e5d2b6312c11d427e40f315f58004bc630	ANDROID: Build GKI with CONFIG_KUNIT=m	BUILD.bazel
cf4978e5d2b6312c11d427e40f315f58004bc630	ANDROID: Build GKI with CONFIG_KUNIT=m	arch/arm64/configs/gki_defconfig
cf4978e5d2b6312c11d427e40f315f58004bc630	ANDROID: Build GKI with CONFIG_KUNIT=m	arch/x86/configs/gki_defconfig
cf4978e5d2b6312c11d427e40f315f58004bc630	ANDROID: Build GKI with CONFIG_KUNIT=m	modules.bzl
cf4978e5d2b6312c11d427e40f315f58004bc630	ANDROID: Build GKI with CONFIG_KUNIT=m	tools/testing/android/bin/kselftest.sh
cf4978e5d2b6312c11d427e40f315f58004bc630	ANDROID: Build GKI with CONFIG_KUNIT=m	tools/testing/android/bin/kunit.sh
cf4978e5d2b6312c11d427e40f315f58004bc630	ANDROID: Build GKI with CONFIG_KUNIT=m	tools/testing/kunit/android/tradefed_configs/config_arm64.xml
cf4978e5d2b6312c11d427e40f315f58004bc630	ANDROID: Build GKI with CONFIG_KUNIT=m	tools/testing/kunit/android/tradefed_configs/config_x86_64.xml
d042bbe3b728c4e1a0b6f24adbd1017b3787b846	ANDROID: yukawa fix defconfig to be like .config	arch/arm64/configs/amlogic_gki.fragment
d0dc96c6e99bdfc9bd1eeea0120cc69e84d5916c	ANDROID: gki defconfig movements	arch/arm64/configs/gki_defconfig
d0dc96c6e99bdfc9bd1eeea0120cc69e84d5916c	ANDROID: gki defconfig movements	arch/x86/configs/gki_defconfig
d23db69132acd1d182bd2a48bb9a95b7ea8bca14	ANDROID: revert out-of-tree Android USB gadget changes	arch/arm64/configs/gki_defconfig
d23db69132acd1d182bd2a48bb9a95b7ea8bca14	ANDROID: revert out-of-tree Android USB gadget changes	arch/riscv/configs/gki_defconfig
d23db69132acd1d182bd2a48bb9a95b7ea8bca14	ANDROID: revert out-of-tree Android USB gadget changes	arch/x86/configs/gki_defconfig
d23db69132acd1d182bd2a48bb9a95b7ea8bca14	ANDROID: revert out-of-tree Android USB gadget changes	drivers/usb/gadget/Kconfig
d23db69132acd1d182bd2a48bb9a95b7ea8bca14	ANDROID: revert out-of-tree Android USB gadget changes	drivers/usb/gadget/configfs.c
d23db69132acd1d182bd2a48bb9a95b7ea8bca14	ANDROID: revert out-of-tree Android USB gadget changes	drivers/usb/gadget/function/Makefile
d23db69132acd1d182bd2a48bb9a95b7ea8bca14	ANDROID: revert out-of-tree Android USB gadget changes	drivers/usb/gadget/function/f_accessory.c
d23db69132acd1d182bd2a48bb9a95b7ea8bca14	ANDROID: revert out-of-tree Android USB gadget changes	drivers/usb/gadget/function/f_audio_source.c
d23db69132acd1d182bd2a48bb9a95b7ea8bca14	ANDROID: revert out-of-tree Android USB gadget changes	drivers/usb/gadget/function/f_midi.c
d23db69132acd1d182bd2a48bb9a95b7ea8bca14	ANDROID: revert out-of-tree Android USB gadget changes	include/linux/usb/composite.h
d23db69132acd1d182bd2a48bb9a95b7ea8bca14	ANDROID: revert out-of-tree Android USB gadget changes	include/linux/usb/f_accessory.h
d23db69132acd1d182bd2a48bb9a95b7ea8bca14	ANDROID: revert out-of-tree Android USB gadget changes	include/uapi/linux/usb/f_accessory.h
d4fdb08841380ebd5233db66ef723a3a4b67f9ca	ANDROID: gki_defconfig: enable CONFIG_PID_IN_CONTEXTIDR	arch/arm64/configs/gki_defconfig
d64472355f6a2107b81a8426b826d0b47b1147cf	ANDROID: gki_defconfig: Remove non-existent option THERMAL_WRITABLE_TRIPS	arch/arm64/configs/gki_defconfig
d64472355f6a2107b81a8426b826d0b47b1147cf	ANDROID: gki_defconfig: Remove non-existent option THERMAL_WRITABLE_TRIPS	arch/x86/configs/gki_defconfig
d7563a92944879fae700ae964953419838aa057f	ANDROID: gki_config: enable PTDUMP_STAGE2_DEBUGFS	arch/arm64/configs/gki_defconfig
d7b0adf1031c48815a08b4eeba2b9ed4cc6047d4	ANDROID: db845c_gki.fragment: Remove typoed config CONFIG_QCOM_SPMI_ADC5_TM5	arch/arm64/configs/db845c_gki.fragment
d8052c63548133e7cfcefbc7bf5027214df7822b	ANDROID: gki_defconfig: Enable CONFIG_UDMABUF	arch/arm64/configs/gki_defconfig
d8052c63548133e7cfcefbc7bf5027214df7822b	ANDROID: gki_defconfig: Enable CONFIG_UDMABUF	arch/x86/configs/gki_defconfig
d833601fdcb3b222e367c4590ec3f31596fd17dd	ANDROID: KVM: arm64: Export kvm_nvhe alias of alt_cb_patch_nops	arch/arm64/include/asm/hyp_image.h
d833601fdcb3b222e367c4590ec3f31596fd17dd	ANDROID: KVM: arm64: Export kvm_nvhe alias of alt_cb_patch_nops	arch/arm64/kernel/alternative.c
da8143d0fedbaf0c9191def30a363d1679682838	ANDROID: dm-bow: remove dm-bow	Documentation/device-mapper/dm-bow.txt
da8143d0fedbaf0c9191def30a363d1679682838	ANDROID: dm-bow: remove dm-bow	arch/arm64/configs/gki_defconfig
da8143d0fedbaf0c9191def30a363d1679682838	ANDROID: dm-bow: remove dm-bow	arch/x86/configs/gki_defconfig
da8143d0fedbaf0c9191def30a363d1679682838	ANDROID: dm-bow: remove dm-bow	drivers/md/Kconfig
da8143d0fedbaf0c9191def30a363d1679682838	ANDROID: dm-bow: remove dm-bow	drivers/md/Makefile
da8143d0fedbaf0c9191def30a363d1679682838	ANDROID: dm-bow: remove dm-bow	drivers/md/dm-bow.c
dba07d2039387db48dd65477032417677968d6d8	ANDROID: gki_defconfig: Set VA bits back to 39	arch/arm64/configs/gki_defconfig
dccd5d2cf7e263b6a59fbe382c15674dd99bc6b5	ANDROID: add VIDEO_V4L2_SUBDEV_API to the GKI_HIDDEN_MEDIA_CONFIGS	arch/arm64/configs/gki_defconfig
dccd5d2cf7e263b6a59fbe382c15674dd99bc6b5	ANDROID: add VIDEO_V4L2_SUBDEV_API to the GKI_HIDDEN_MEDIA_CONFIGS	arch/x86/configs/gki_defconfig
dccd5d2cf7e263b6a59fbe382c15674dd99bc6b5	ANDROID: add VIDEO_V4L2_SUBDEV_API to the GKI_HIDDEN_MEDIA_CONFIGS	init/Kconfig.gki
dd1740e7420f062bcfab8a65bff0a61aee97c83d	ANDROID: gki_defconfig: enable CONFIG_LED_TRIGGER_PHY	arch/arm64/configs/gki_defconfig
dd1740e7420f062bcfab8a65bff0a61aee97c83d	ANDROID: gki_defconfig: enable CONFIG_LED_TRIGGER_PHY	arch/x86/configs/gki_defconfig
ddaec487a35090eae88a689a1fbd05f09a523661	ANDROID: gki_defconfig: reorder some mm config options	arch/arm64/configs/gki_defconfig
ddaec487a35090eae88a689a1fbd05f09a523661	ANDROID: gki_defconfig: reorder some mm config options	arch/x86/configs/gki_defconfig
dea76525f98d8c631ef1290ec4787a09f419f0cb	ANDROID: gki_defconfig: Set CONFIG_IDLE_INJECT and CONFIG_CPU_IDLE_THERMAL into y	arch/arm64/configs/gki_defconfig
dea76525f98d8c631ef1290ec4787a09f419f0cb	ANDROID: gki_defconfig: Set CONFIG_IDLE_INJECT and CONFIG_CPU_IDLE_THERMAL into y	arch/x86/configs/gki_defconfig
dfc76c451145629aa0209d88a17b9d49fd1faeb2	ANDROID: Fix microdroid defconfig.	arch/arm64/configs/microdroid_defconfig
dfc76c451145629aa0209d88a17b9d49fd1faeb2	ANDROID: Fix microdroid defconfig.	arch/x86/configs/microdroid_defconfig
e260bb27a67b9aa5d6040798a0ea8edb7a519bf0	ANDROID: Kconfig: break UAPI_HEADER_TEST dependency on CC_CAN_LINK	arch/arm64/configs/gki_defconfig
e260bb27a67b9aa5d6040798a0ea8edb7a519bf0	ANDROID: Kconfig: break UAPI_HEADER_TEST dependency on CC_CAN_LINK	arch/x86/configs/gki_defconfig
e260bb27a67b9aa5d6040798a0ea8edb7a519bf0	ANDROID: Kconfig: break UAPI_HEADER_TEST dependency on CC_CAN_LINK	init/Kconfig
e4058ca11dc316416653d9b3e094cefb0d127c1c	ANDROID: gki_defconfig: remove CONFIG_CLEANCACHE from gki_defconfig	arch/arm64/configs/gki_defconfig
e4058ca11dc316416653d9b3e094cefb0d127c1c	ANDROID: gki_defconfig: remove CONFIG_CLEANCACHE from gki_defconfig	arch/x86/configs/gki_defconfig
e44e57f897a4c4de2af244c4f40ef79baa71db85	ANDROID: db845c: disable VIDEO_QCOM_VENUS	BUILD.bazel
e44e57f897a4c4de2af244c4f40ef79baa71db85	ANDROID: db845c: disable VIDEO_QCOM_VENUS	arch/arm64/configs/db845c_gki.fragment
e5d7c84f81677495bfde6a9510f76d168e73565a	ANDROID: Reintroduce support for CONFIG_CMDLINE_EXTEND	arch/arm64/Kconfig
e5d7c84f81677495bfde6a9510f76d168e73565a	ANDROID: Reintroduce support for CONFIG_CMDLINE_EXTEND	arch/arm64/configs/gki_defconfig
e5d7c84f81677495bfde6a9510f76d168e73565a	ANDROID: Reintroduce support for CONFIG_CMDLINE_EXTEND	arch/arm64/kernel/pi/idreg-override.c
e5d7c84f81677495bfde6a9510f76d168e73565a	ANDROID: Reintroduce support for CONFIG_CMDLINE_EXTEND	drivers/of/fdt.c
e5d7c84f81677495bfde6a9510f76d168e73565a	ANDROID: Reintroduce support for CONFIG_CMDLINE_EXTEND	include/linux/of_fdt.h
e6d0ee7d3e79aee5b2e16cfdf7c2918bf5f29900	ANDROID: gki_defconfig: enable CONFIG_CRYPTO_GHASH_ARM64_CE	arch/arm64/configs/gki_defconfig
e8ac88bbf71ba8c59a0fde1034cc9fddb17f9441	ANDROID: vendor_hooks: FPSIMD save/restore by using vendor_hooks	arch/arm64/include/asm/processor.h
e8ac88bbf71ba8c59a0fde1034cc9fddb17f9441	ANDROID: vendor_hooks: FPSIMD save/restore by using vendor_hooks	arch/arm64/kernel/process.c
e8ac88bbf71ba8c59a0fde1034cc9fddb17f9441	ANDROID: vendor_hooks: FPSIMD save/restore by using vendor_hooks	drivers/android/vendor_hooks.c
e8ac88bbf71ba8c59a0fde1034cc9fddb17f9441	ANDROID: vendor_hooks: FPSIMD save/restore by using vendor_hooks	include/trace/hooks/fpsimd.h
eaf265b853d8d5db245ece31208381e96327d3fb	ANDROID: disable CONFIG_UBSAN_SIGNED_WRAP	arch/arm64/configs/gki_defconfig
eaf265b853d8d5db245ece31208381e96327d3fb	ANDROID: disable CONFIG_UBSAN_SIGNED_WRAP	arch/x86/configs/gki_defconfig
eb039862846b4ac5369e8beebb0b59926cf5630d	ANDROID: db845c: update renamed PHY_SNPS_EUSB2	BUILD.bazel
eb039862846b4ac5369e8beebb0b59926cf5630d	ANDROID: db845c: update renamed PHY_SNPS_EUSB2	arch/arm64/configs/db845c_gki.fragment
eb07213e4c04401ad0e9fd0aca97d425ed651749	ANDROID: gki_defconfig: Enable CONFIG_CFS_BANDWIDTH	arch/arm64/configs/gki_defconfig
eb07213e4c04401ad0e9fd0aca97d425ed651749	ANDROID: gki_defconfig: Enable CONFIG_CFS_BANDWIDTH	arch/x86/configs/gki_defconfig
eb5e5c1f626e74ce56890b491edb90a1d11a7ea7	ANDROID: gki_defconfig: Enable Tegra SoCs	arch/arm64/configs/gki_defconfig
eb5e5c1f626e74ce56890b491edb90a1d11a7ea7	ANDROID: gki_defconfig: Enable Tegra SoCs	drivers/amba/Kconfig
eb5e5c1f626e74ce56890b491edb90a1d11a7ea7	ANDROID: gki_defconfig: Enable Tegra SoCs	drivers/cpufreq/Kconfig.arm
ebb55188f7c9ac953714908bcc4c389029743be6	ANDROID: db845c_gki: QCOM_QFPROM is now NVMEM_QCOM_QFPROM	arch/arm64/configs/db845c_gki.fragment
ebf227d07811e29a88e207556ed151d1b43ad3b5	ANDROID: Convert db845c to a mixed build.	BUILD.bazel
ebf227d07811e29a88e207556ed151d1b43ad3b5	ANDROID: Convert db845c to a mixed build.	arch/arm64/configs/db845c_gki.fragment
ebf227d07811e29a88e207556ed151d1b43ad3b5	ANDROID: Convert db845c to a mixed build.	build.config.db845c
ed3158b2f15d09528505871797cce294a8f31327	ANDROID: Enable userspace block driver UBLK	arch/arm64/configs/gki_defconfig
ed3158b2f15d09528505871797cce294a8f31327	ANDROID: Enable userspace block driver UBLK	arch/x86/configs/gki_defconfig
ef1134dd04cb1dc8479cf8666f70ebb8d12b224f	ANDROID: gki_defconfig: enable CONFIG_KFENCE_STATIC_KEYS	arch/arm64/configs/gki_defconfig
ef1134dd04cb1dc8479cf8666f70ebb8d12b224f	ANDROID: gki_defconfig: enable CONFIG_KFENCE_STATIC_KEYS	arch/x86/configs/gki_defconfig
f14a6fa705490cf443227eead27a1479a9959cc2	ANDROID: Delete obsolete 16k_gki.fragment.	arch/arm64/configs/16k_gki.fragment
f2dc6f3f4b4292504862b5994d450f16f63dcc1a	ANDROID: Remove obsolete I2C_COMPAT configuration option	arch/arm64/configs/gki_defconfig
f2dc6f3f4b4292504862b5994d450f16f63dcc1a	ANDROID: Remove obsolete I2C_COMPAT configuration option	arch/x86/configs/gki_defconfig
f3170cbba6012fcb93f723aa799750aeccb05e3c	ANDROID: update PCI dwc vendor entries sort order in gki_defconfig	arch/arm64/configs/gki_defconfig
f3583fb7b6bcdf73427333429b407374c1d62714	ANDROID: mm: Removing memhealth driver	Documentation/ABI/testing/procfs-driver-memhealth
f3583fb7b6bcdf73427333429b407374c1d62714	ANDROID: mm: Removing memhealth driver	arch/arm64/configs/gki_defconfig
f3583fb7b6bcdf73427333429b407374c1d62714	ANDROID: mm: Removing memhealth driver	arch/riscv/configs/gki_defconfig
f3583fb7b6bcdf73427333429b407374c1d62714	ANDROID: mm: Removing memhealth driver	arch/x86/configs/gki_defconfig
f3583fb7b6bcdf73427333429b407374c1d62714	ANDROID: mm: Removing memhealth driver	drivers/android/Kconfig
f3583fb7b6bcdf73427333429b407374c1d62714	ANDROID: mm: Removing memhealth driver	drivers/android/Makefile
f3583fb7b6bcdf73427333429b407374c1d62714	ANDROID: mm: Removing memhealth driver	drivers/android/memhealth.c
f3583fb7b6bcdf73427333429b407374c1d62714	ANDROID: mm: Removing memhealth driver	mm/oom_kill.c
f3583fb7b6bcdf73427333429b407374c1d62714	ANDROID: mm: Removing memhealth driver	modules.bzl
f35abe5330a921eeb597d1dc778a536f0c60d308	ANDROID: db845c: Enable SM8550|SM8650 drivers and DTBs	BUILD.bazel
f35abe5330a921eeb597d1dc778a536f0c60d308	ANDROID: db845c: Enable SM8550|SM8650 drivers and DTBs	arch/arm64/configs/db845c_gki.fragment
f35abe5330a921eeb597d1dc778a536f0c60d308	ANDROID: db845c: Enable SM8550|SM8650 drivers and DTBs	build.config.db845c
f41205e6fb4688758a91a147dde61cca4d27666d	ANDROID: gki_defconfig: Enable CONFIG_ARM_SDE_INTERFACE	arch/arm64/configs/gki_defconfig
f57090bf463cc63e97e985228970a9947e1ea07d	ANDROID: gki: enable Rust Ashmem and disable C memfd-ashmem shim	arch/arm64/configs/gki_defconfig
f57090bf463cc63e97e985228970a9947e1ea07d	ANDROID: gki: enable Rust Ashmem and disable C memfd-ashmem shim	arch/x86/configs/gki_defconfig
f5e944d29fb0e1fb4488fd7ba5cfeaff67762557	ANDROID: arm64 gki_defconfig fixup	arch/arm64/configs/gki_defconfig
f7cd553fec4837345b796936fe80baaf3aa6e685	ANDROID: microdroid_defconfig: Set VA bits back to 39	arch/arm64/configs/microdroid_defconfig
fb1e5deaa1e0c00ba8043d9572ad74e3d25a91d5	ANDROID: remove CONFIG_DEBUG_INFO from gki_defconfig files	arch/arm64/configs/gki_defconfig
fb1e5deaa1e0c00ba8043d9572ad74e3d25a91d5	ANDROID: remove CONFIG_DEBUG_INFO from gki_defconfig files	arch/x86/configs/gki_defconfig
fc26b8a66c76d9855789977988175a649a7513c9	ANDROID: make virtio_pci_legacy_dev a GKI module	BUILD.bazel
fc26b8a66c76d9855789977988175a649a7513c9	ANDROID: make virtio_pci_legacy_dev a GKI module	arch/arm64/configs/gki_defconfig
fc26b8a66c76d9855789977988175a649a7513c9	ANDROID: make virtio_pci_legacy_dev a GKI module	arch/x86/configs/gki_defconfig
fc26b8a66c76d9855789977988175a649a7513c9	ANDROID: make virtio_pci_legacy_dev a GKI module	modules.bzl
