00-base	a3b98ca179d5	KVM: arm64: Add hyp_printk event to nVHE/pKVM hyp
00-base	71b025e81622	tracing/remotes: Add REMOTE_EVENT_CUSTOM_PRINTK() helper
00-base	7202d7010795	KVM: arm64: Move kvm_define_hypevents.h to arch/arm64/kvm/
00-base	78b8e05d49e9	KVM: arm64: Allow early calls to pKVM host_share/unshare_hyp
00-base	ec061352e0f1	Documentation/kernel-parameters: Add trace_remote
00-base	624e76981c2f	Documentation: tracing/remotes: Add detailed tracefs layout
00-base	fde15777d62c	tracing/remotes: Add trace_remote cmdline options
00-base	545e8fa08a35	tracing/remotes: Add poll_ms tracefs file
00-base	9b8ab2ae07cd	tracing/remotes: selftests: Add a test for the dump_on_panic tracefs file
00-base	fff47ae9a2b8	tracing/remotes: Add dump_on_panic tracefs file
00-base	20548652883a	ring-buffer: Add kerneldoc for ring_buffer_poll_remote
00-base	77f29df1293e	ring-buffer: Add ring_buffer_read_remote_meta_page()
00-base	ab072001275b	ring-buffer: Use panic-friendly locking in ring_buffer_iter interface
00-base	4056ff2afbbf	ring-buffer: Use irqsave for the reader lock in ring_buffer_poll_remote
00-base	9522051976e1	tracing/remotes: selftests: Prefix hypervisor folder
00-base	9399428a3a94	tracing/remotes: selftests: Add a test for the dmesg tracefs file
00-base	62392a48bc37	tracing/remotes: Add dmesg tracefs file
00-base	41dde373df5d	tracing/simple_ring_buffer: Add support for compressed length
00-base	082f7a748592	tracing/remotes: Use a single per-remote polling work
00-base	34ed3ee81b98	tracing/remotes: Use kstrtobool for boolean tracefs files
00-base	95289589e4cc	tracing/remotes: Release tracefs,eventfs on registration failure
00-base	74f7b5df0683	tracing/remotes: Gate tracefs files opening on trace remote registration
00-base	3945258b1ce9	KVM: arm64: Alloc simple_buffer_page using pKVM hyp allocator
00-base	0b183bb7204b	KVM: arm64: Alloc pkvm_hyp_vcpu using pKVM heap allocator
00-base	704e1cce5392	KVM: arm64: Alloc pkvm_hyp_vm using pKVM heap allocator
00-base	a5c12a4d67b4	KVM: arm64: Use noclear for PGD in __pkvm_init_vm error path
00-base	ce1980ca0888	KVM: arm64: Move hyp_vm refcount into the structure
00-base	d26b6f95975d	KVM: arm64: Filter out non-kernel addresses in kern_hyp_va
00-base	3d52fcd48b7d	KVM: arm64: Add a shrinker for pKVM
00-base	14899a3c4161	KVM: arm64: Add selftests for the pKVM heap allocator
00-base	daf21c3d032b	KVM: arm64: Add reclaim interface for the pKVM heap alloc
00-base	2216921fddff	KVM: arm64: Handle PKVM_HYP_REQ_HYP_ALLOC request
00-base	cce78b0351dd	KVM: arm64: Add pkvm_hyp_req infrastructure
00-base	6648dddfe88b	KVM: arm64: Add topup interface for the pKVM heap allocator
00-base	ba954fdf268b	KVM: arm64: Allow kvm_hyp_memcache usage outside of stage-2
00-base	562301aa8a51	KVM: arm64: Add a heap allocator for the pKVM hyp
00-base	2aa11f12e4a2	KVM: arm64: Add __hyp_allocator_map for the pKVM hyp
00-base	069733696d3b	KVM: arm64: Add pkvm_remove_mappings
00-base	5e032e8e4722	KVM: arm64: Add __pkvm_private_range_pa
00-base	42f1ef8d9625	DONOTMERGE: KVM: selftests: Fix MADV_COLLAPSE build failure on older toolchains
00-base	a19f25aa5239	KVM: arm64: selftests: Add pKVM hypercall and isolation test coverage
00-base	3375fb570cae	KVM: arm64: selftests: Add pKVM selftest bootstrap
00-base	6fe61003136a	KVM: selftests: Export ucall pool and MMIO address helpers
00-base	8d09baa1c663	KVM: selftests: Add VM_TYPE_PROTECTED and read_guest_global
00-base	093c0b92a562	KVM: selftests: Fix kvm_for_each_vcpu to iterate the vCPU list
00-base	67886b3b6948	tools headers UAPI: Sync KVM_VM_TYPE_ARM_PROTECTED
00-base	12ad180f7dd4	tools headers: Sync arm-smccc.h pKVM memory hypercall definitions
00-base	7b52ad3814ca	KVM: arm64: Document host-write restrictions for protected VMs
00-base	4fdd47baa880	KVM: arm64: Restrict protected VM vCPU features at VCPU_INIT
00-base	a5f787e4e8ee	KVM: arm64: Reject host writes to protected VM private state
00-base	0dc0cbf3aa70	KVM: arm64: Document pKVM state isolation and protected VM behaviour
00-base	7a9ebab206d9	KVM: arm64: Add per-EC entry/exit state marshalling for protected guests
00-base	82d922736832	KVM: arm64: Prevent host PC adjustments for protected vCPUs
00-base	d0cc3c9e850a	KVM: arm64: Handle PSCI calls for protected VMs at EL2
00-base	bfdc5c17effb	KVM: arm64: Implement HVC handling for protected guests at EL2
00-base	43589aaf9b34	KVM: arm64: Add system register reset framework for protected VMs
00-base	806662388b8e	KVM: arm64: Add {flush,sync}_hyp_timer_state() primitives
00-base	d17665eb3a23	KVM: arm64: Skip fixed-feature state flush for protected vCPUs
00-base	0f9d61e8880b	KVM: arm64: Introduce per-EC entry/exit handlers for pKVM
00-base	23e45c8b2cf5	KVM: arm64: Add PC_UPDATE_REQ mask covering all PC updates
00-base	42a7f9170dd8	KVM: arm64: Add vcpu flag copy primitive
00-base	8e27f58172be	KVM: arm64: Implement lazy vCPU state sync for non-protected guests
00-base	b105340c42ac	KVM: arm64: Add primitives to flush/sync the VGIC state at EL2
00-base	5a79f4ba0302	KVM: arm64: Minimise EL2's exposure of host VGIC state during world switch
00-base	79f7da90766c	KVM: arm64: Add host and hypervisor vCPU lookup primitives
00-base	505b106b32bc	KVM: arm64: Move PSCI helper functions to a shared header
00-base	ad70726c662b	KVM: arm64: Factor out reusable vCPU reset helpers
00-base	e23671ef2e6e	KVM: arm64: Make vcpu_{read,write}_sys_reg available to HYP code
00-base	e49edbc818e0	KVM: arm64: Extract MPIDR computation into a shared header
00-base	353f86adf462	KVM: arm64: Flush HCR_EL2.VSE to deliver SErrors to pKVM guests
00-base	a991806f0ebb	KVM: arm64: Bound used_lrs when flushing the pKVM hyp vCPU
00-base	710592cb247a	KVM: arm64: Clear __hyp_running_vcpu when flushing the pKVM hyp vCPU
01-pvm-core	b51274680e81	BACKPORT: ANDROID: KVM: arm64: Ensure that TLBs and I-cache are private to each vcpu
01-pvm-core	2858d6852647	ANDROID: KVM: arm64: Add hyp per_cpu variable to track current physical cpu number
01-pvm-core	62d3a9f0580b	BACKPORT: ANDROID: KVM: arm64: Refactor enter_exception64()
01-pvm-core	c61fd42f9744	ANDROID: KVM: arm64: Remove locking from EL2 allocation fast-paths
01-pvm-core	905a4496abc3	ANDROID: KVM: arm64: Use atomic refcount helpers for 'struct hyp_page::refcount'
01-pvm-core	8bfe2911011c	BACKPORT: ANDROID: KVM: arm64: Add atomics-based checking refcount implementation at EL2
01-pvm-core	e2395fce86d4	ANDROID: KVM: arm64: Introduce hyp_rwlock_t
01-pvm-core	120361b5a8dd	ANDROID: KVM: arm64: Refactor kvm_vcpu_enable_ptrauth() for hyp use
01-pvm-core	6b5570d7789b	ANDROID: KVM: arm64: Mark the nVHE selftest_init stub inline
02-tlbi	7c1ad2da9b36	BACKPORT: ANDROID: KVM: arm64: Don't expose TLBI hypercalls after de-privilege
03-sme	a0e96aac91ab	BACKPORT: ANDROID: KVM: arm64: Ensure that SME is trapped if not supported in pKVM
03-sme	7606e4880b60	ANDROID: KVM: arm64: Factor out memory allocation of vcpu SVE state creation
04-rwlock	1753754f1023	BACKPORT: ANDROID: KVM: arm64: Convert pKVM 'vm_table_lock' to an rwlock
05-pvmfw	20fcbd1256f2	BACKPORT: ANDROID: KVM: arm64: Fix clearing pvm firmware on init failure
05-pvmfw	29714a9e1b90	BACKPORT: ANDROID: KVM: arm64: Introduce KVM_CAP_ARM_PROTECTED_VM to set/query PVM firmware
05-pvmfw	0d32af90b787	BACKPORT: ANDROID: KVM: arm64: Reset primary vCPU according to PVM firmware boot protocol
05-pvmfw	f34aa7c1ad07	BACKPORT: ANDROID: KVM: arm64: Copy pvmfw into guest pages during donation from the host
05-pvmfw	9d138b494730	BACKPORT: ANDROID: KVM: arm64: Clear pvmfw pages on clean host shutdown
05-pvmfw	0fd9d463f56e	ANDROID: KVM: arm64: Make hyp_poison_page() available as helper
05-pvmfw	08140e99beb3	ANDROID: KVM: arm64: Ignore length of 0 in kvm_flush_dcache_to_poc()
05-pvmfw	8d458e734d32	ANDROID: KVM: arm64: Unmap PVM firmware from host stage-2 during de-privilege
05-pvmfw	38af857d5fc8	BACKPORT: ANDROID: KVM: arm64: Parse reserved-memory node for pkvm guest firmware region
05-pvmfw	3b091dfdd86c	ANDROID: KVM: arm64: Mark PAuth as a restricted feature for protected VMs
05-pvmfw	1684edd22f3a	ANDROID: KVM: arm64: Mark ID registers as hidden in pKVM
05-pvmfw	50416d0a7559	ANDROID: KVM: arm64: Unallocated/Unhandled/Hidden sysreg access in pKVM
05-pvmfw	e29e0766e5f9	ANDROID: KVM: arm64: Set address as invalid if __get_fault_info() fails
05-pvmfw	b2ae4fbbb350	BACKPORT: ANDROID: KVM: arm64: Introduce new spinlock for hypervisor VM vCPUs[] array
05-pvmfw	2f7250dda561	BACKPORT: ANDROID: KVM: arm64: Rename 'struct pkvm_hyp_vm::lock' to 'pgtable_lock'
06-sve-donate	6ec403c0258e	BACKPORT: ANDROID: KVM: arm64: Donate memory for the guest SVE state for protected VMs
06-sve-donate	b6969b66a67c	BACKPORT: ANDROID: KVM: arm64: Track sanitized system value of ID_AA64ZFR0_EL1 at hyp
06-sve-donate	b1e6493b21af	ANDROID: KVM: arm64: Store maximum virtualizable vector length at hyp
07-mondebug	48d70d858572	BACKPORT: ANDROID: KVM: arm64: Monitor Debug support only for non-protected guests
07-mondebug	c6da8c91c6ef	ANDROID: KVM: arm64: Mark KVM_CAP_ONE_REG as supported for protected VMs
07-mondebug	1ffbfe9dcd1d	ANDROID: KVM: arm64: trust host for non-protected ID registers
07-mondebug	f194348c9b30	ANDROID: KVM: arm64: Flush the vcpu iflags for non-protected VMs
08-mmioguard	294dc5a01aa0	ANDROID: KVM: arm64: Fix MMIO guard documentation
08-mmioguard	1223a462da53	ANDROID: KVM: arm64: Add some documentation for the MMIO guard feature
08-mmioguard	e747f418486c	BACKPORT: ANDROID: KVM: arm64: pkvm: Wire MMIO guard hypercalls
08-mmioguard	1427d6bec5b6	BACKPORT: ANDROID: KVM: arm64: pkvm: Add MMIO guard infrastructure
08-mmioguard	206e4a0f4104	ANDROID: KVM: arm64: Define MMIO guard hypercalls
08-mmioguard	4f1901a15cc4	BACKPORT: ANDROID: KVM: arm64: Introduce KVM_ARCH_FLAG_MMIO_GUARD flag
09-mmio-autoenroll	8a28b548fdfa	ANDROID: KVM: arm64: Ignore MMIO guard unmap HVCs
09-mmio-autoenroll	bd5f7145f3dc	BACKPORT: ANDROID: arm64: Auto-enroll MMIO guard on protected vms
10-mem-relinquish	53a55ff7ca5d	BACKPORT: ANDROID: KVM: arm64: Implement MEM_RELINQUISH SMCCC hypercall
11-psci-memprotect	98eb73e3c998	ANDROID: BACKPORT: KVM: arm64: Use PSCI MEM_PROTECT to zap guest pages on reset
11-psci-memprotect	3bd9531e129b	ANDROID: KVM: arm64: Include MMIO guard and memory relinquish in top-level hypercalls doc
11-psci-memprotect	10300064c675	ANDROID: KVM: arm64: Consistent hypercall naming in documentation
12-modules-core	bea12e6e09f1	ANDROID: KVM: arm64: Expose kvm_flush_dcache_to_poc() in module_ops
12-modules-core	5a4d49182b95	ANDROID: KVM: arm64: Expose hyp fixmap helpers in module_ops
12-modules-core	a68eaabd1376	ANDROID: drivers: misc: Add an example pl011 driver for pKVM
12-modules-core	85332326f8bf	ANDROID: modpost: Don't complain about empty non-allocatable ELF sections
12-modules-core	53c03fada343	BACKPORT: ANDROID: KVM: arm64: Resolve hyp module addresses using ELF sections
12-modules-core	50491d17e11c	BACKPORT: ANDROID: KVM: arm64: Block module loading based on cmdline or HVC
12-modules-core	cdd0fdfe3733	BACKPORT: ANDROID: KVM: arm64: Add support for custom hypercall registration
12-modules-core	0527f83fc6e1	BACKPORT: ANDROID: KVM: arm64: Return a token for a pKVM module registration
12-modules-core	f006a5a11e64	ANDROID: KVM: arm64: Expose hyp_put* helpers to pKVM modules
12-modules-core	e87d4bb6db1f	BACKPORT: ANDROID: KVM: arm64: Add serial framework for pKVM
12-modules-core	3bc2b2fddf92	ANDROID: KVM: arm64: Expose __pkvm_create_private_mapping to pKVM modules
12-modules-core	d1f8117db806	ANDROID: KVM: arm64: Include .note.gnu.property in .hyp.rodata
12-modules-core	ac2f841947fa	BACKPORT: ANDROID: KVM: arm64: Allow loading modules to the pKVM hypervisor
12-modules-core	623e42a0e104	BACKPORT: ANDROID: KVM: arm64: Refactor nvhe Makefile
12-modules-core	4c41e10bc384	ANDROID: KVM: arm64: Move gen-hyprel into a tool directory
12-modules-core	a756334c2327	BACKPORT: ANDROID: KVM: arm64: Add EL2 wakeup cause hyp events
13-modules-perms	63b370de596d	ANDROID: KVM: arm64: Allow tweaking HCR_EL2 from modules
13-modules-perms	596270f709c1	ANDROID: KVM: arm64: Expose hyp_va to modules
13-modules-perms	d85db5aa1e42	ANDROID: KVM: arm64: Expose host_{un}share_hyp() to modules
13-modules-perms	9877e104a313	ANDROID: arm64: kvm: Add new module functions used by s2mpu.
13-modules-perms	5920c48797ff	ANDROID: KVM: arm64: Add helper for pKVM modules addr conversion
13-modules-perms	ce7e08e6c0dd	ANDROID: KVM: arm64: Introduce default_host_prot()
13-modules-perms	5d718c288d47	BACKPORT: ANDROID: KVM: arm64: Introduce a hyp panic module notifier
13-modules-perms	5069c1d2b33b	ANDROID: KVM: arm64: Expose linear map APIs to pKVM modules
13-modules-perms	659bf5d32e53	ANDROID: KVM: arm64: Allow trap handling from pKVM modules
13-modules-perms	03e406884da3	BACKPORT: ANDROID: KVM: arm64: Notify pKVM modules of PSCI events
13-modules-perms	445915b05f6e	BACKPORT: ANDROID: KVM: arm64: Allow handling illegal aborts from pKVM modules
13-modules-perms	38e90c583b5f	BACKPORT: ANDROID: KVM: arm64: Allow SMC handling from pKVM modules
13-modules-perms	1096f6c81e2c	BACKPORT: ANDROID: KVM: arm64: Add a permission fault handler
13-modules-perms	e7e02edcb35c	ANDROID: BACKPORT: KVM: arm64: Introduce PKVM_PAGE_RESTRICTED_PROT
14-fgt	996481420901	BACKPORT: ANDROID: KVM: arm64: activate FGT trapping for pvms
14-fgt	249d44beec23	BACKPORT: ANDROID: KVM: arm64: Share feature checking logic with nVHE
14-fgt	6bc0f7e5f9d2	BACKPORT: ANDROID: KVM: arm64: move __deactivate_traps_hfgxtr out of __deactivate_traps_common
14-fgt	b487cb80e93d	BACKPORT: ANDROID: KVM: arm64: move __activate_traps_hfgxtr out of __activate_traps_common
14-fgt	beec6ebf2b77	BACKPORT: ANDROID: KVM: arm64: Allow tweaking HFGWTR_EL2 from modules
15-getleaf	8207714776aa	BACKPORT: ANDROID: KVM: arm64: Expose get_leaf to pKVM modules
15-getleaf	05f68577ff09	ANDROID: KVM: arm64: Expose pKVM module mm APIs in module_ops
16-modprot	7736c81786ba	ANDROID: BACKPORT: KVM: arm64: Let modules specify arbitrary permissions for host pages
16-modprot	346ec75496ed	BACKPORT: ANDROID: KVM: arm64: Introduce module-owned pages
17-modlock	811fd6959b8b	ANDROID: KVM: arm64: Gate pKVM module hcalls with a dynamic privileged limit
17-modlock	830c1323f92f	BACKPORT: ANDROID: KVM: arm64: Rework pKVM module locking
17-modlock	54196a4918be	ANDROID: KVM: arm64: Restrict host-to-hyp MMIO donations
17-modlock	803c440e0dd0	ANDROID: KVM: arm64: Pin host stage-2 tables
17-modlock	f402cd094aee	ANDROID: KVM: arm64: Move kvm_pte_follow() to header
17-modlock	44ba7d424f69	ANDROID: KVM: arm64: Pre-populate host stage2
17-modlock	e262a327de8c	ANDROID: KVM: arm64: Introduce kvm_pgtable_stage2_reclaim_leaves
17-modlock	e426cb7ee14f	BACKPORT: ANDROID: KVM: arm64: Specify stage-2-protected regions in DT
17-modlock	e8c56a051f13	BACKPORT: ANDROID: KVM: arm64: Introduce concept of pKVM moveable regions
18-modearly	828c4d920970	BACKPORT: ANDROID: KVM: arm64: Deprecate late pKVM module loading
18-modearly	afc9069ead84	BACKPORT: ANDROID: KVM: arm64: pKVM module loading before deprivilege
19-hypmem	28fe51b57ec0	BACKPORT: ANDROID: KVM: arm64: Add protected_hyp_mem VM statistic
19-hypmem	e127b15dcf4f	ANDROID: KVM: arm64: Allocate the hyp vCPU after resolving its VM
19-hypmem	529bcdf449e1	BACKPORT: ANDROID: KVM: arm64: Introduce hyp_alloc_account for the pKVM hyp
19-hypmem	090937c6a504	ANDROID: KVM: arm64: Record per-chunk allocation size in the hyp allocator
19-hypmem	45ac6e8d33b6	BACKPORT: ANDROID: KVM: arm64: Rename pKVM memcache to stage2_
19-hypmem	e33b34739ce4	ANDROID: KVM: arm64: Trap access to ALLINT if FEAT_NMI not supported by the guest
19-hypmem	c7617ea4794f	ANDROID: KVM: arm64: Do not clear the SVE feature bit on failure
19-hypmem	69c07af117bf	ANDROID: kallsyms: Ignore __kvm_nvhe_ mapping symbols
19-hypmem	7e4e30892529	BACKPORT: ANDROID: KVM: arm64: Define MODULE for pKVM module
19-hypmem	be62278a51d0	ANDROID: KVM: arm64: Enforce type check for pkvm_register_el2_call()
19-hypmem	32b39695e194	ANDROID: KVM: Allow 16 host_perm_fault handlers
19-hypmem	1198fa5565a9	BACKPORT: ANDROID: KVM: arm64: Add pKVM module register_unmask_serror
19-hypmem	7f45ed08714b	ANDROID: KVM: arm64: pkvm_module_ops documentation
19-hypmem	db7336942396	BACKPORT: ANDROID: KVM: arm64: Fix missing mask for custom hypercall handling
19-hypmem	144618d5026c	ANDROID: KVM: arm64: Allow skipping module page donation
19-hypmem	7b19f1be4355	ANDROID: KVM: arm64: Addr sanity check for pKVM HVC registration
19-hypmem	2115e29c9cca	BACKPORT: ANDROID: KVM: arm64: Sanity check the input to pKVM module mm APIs
20-coalesce	a90d145edace	ANDROID: KVM: arm64: Fix KVM_PTE_LEAF_ATTR_LO for LPA2
20-coalesce	3281fba5b2c1	ANDROID: KVM: arm64: Disallow kvm_pgtable_stage2_unmap on host S2
20-coalesce	645a4cd6782b	ANDROID: KVM: arm64: Eagerly coalesce host page tables
20-coalesce	709892965f62	ANDROID: KVM: arm64: Coalesce host stage2 entries on ownership reclaim
20-coalesce	77c3bed1f0e5	ANDROID: KVM: arm64: Don't recycle non-default PTEs
20-coalesce	9e3a03b7937c	ANDROID: KVM: arm64: Move kvm_pte_table to the common header
20-coalesce	0a6f8e50acb1	BACKPORT: ANDROID: KVM: arm64: Introduce PTE management callbacks
20-coalesce	af189faddaa6	ANDROID: KVM: arm64: Split stage2_put_pte function
21-hypexport	22acea695d84	BACKPORT: ANDROID: KVM: arm64: Add support for non-cacheable mappings
21-hypexport	251e083fa246	ANDROID: KVM: Update nVHE stack size to 8KB
21-hypexport	5b6ee4272fc9	ANDROID: KVM: arm64: Fix hyp module base address in pkvm_el2_mod_va()
21-hypexport	61fb8b9f308b	BACKPORT: ANDROID: KVM: arm64: Restrict pKVM hyp exports
21-hypexport	bc7b87135165	ANDROID: KVM: arm64: Optimise module_change_host_page_prot
21-hypexport	f03e2094d302	ANDROID: virtio_balloon: Do not clear VIRTIO_F_ACCESS_PLATFORM
21-hypexport	9e249159b9a7	ANDROID: virtio_balloon: Do not translate reported pages through DMA API
21-hypexport	7fa4fd424b50	BACKPORT: ANDROID: KVM: Define mem_relinquish interface for releasing memory to a hypervisor.
22-smchandlers	7330c524c9a8	ANDROID: KVM: arm64: Allow 16 host_smc handlers
22-smchandlers	d89247a01eaf	BACKPORT: ANDROID: KVM: arm64: Rework pKVM module fault handler
22-smchandlers	714f194133be	BACKPORT: ANDROID: virtio_balloon: sysfs-configurable option bail_on_out_of_puff
22-smchandlers	9f287f7c2e67	BACKPORT: ANDROID: virtio_balloon: Replace generic mem_relinquish api with a driver-specific alternative
22-smchandlers	edeb4ab93cc8	ANDROID: virtio_balloon: Rename header guard in uapi header file
22-smchandlers	5ccf6ec8317f	ANDROID: KVM: arm64: Only re-paint "warm reset" SYSTEM_RESET2 PSCI calls
22-smchandlers	775e8f737e82	BACKPORT: ANDROID: KVM: arm64: Add missing icache sync before pKVM module loading
22-smchandlers	93b0668b0db8	ANDROID: misc: pkvm_smc: Add permissive option
22-smchandlers	86b27be59db2	ANDROID: misc: pkvm_smc: Trace denied SMCs.
22-smchandlers	985f83dfeafe	ANDROID: misc: pkvm_smc: Add an allow list for SMCs
22-smchandlers	ab1612aa5753	ANDROID: misc: pkvm_smc: Add pKVM SMC filter driver
22-smchandlers	242ab3fd994b	ANDROID: ARM64: virtio_balloon: Disable balloon with warning if granule too large
22-smchandlers	bb4d3bae8b74	ANDROID: KVM: arm64: Add __pkvm_module_{memcpy,memset}()
22-smchandlers	d57caf23291b	BACKPORT: ANDROID: KVM: arm64: Mark vcpu as invalid on unhandleable trap
23-pinpage	0401d345772f	ANDROID: KVM: arm64: Drop the protected branch of pkvm_pgtable_stage2_map()
23-pinpage	aebadcf10676	BACKPORT: ANDROID: KVM: arm64: Route the protected stage-2 path through kvm_pinned_page
23-pinpage	2f4ffee48a10	BACKPORT: ANDROID: KVM: arm64: Resurrect struct kvm_pinned_page
24-c089817range	84b61ed14d12	BACKPORT: ANDROID: KVM: arm64: Add a range to the guest share/unshare hypercalls
25-smctrng	2dc6805e6f04	BACKPORT: ANDROID: KVM: arm64: Check PGD alignment when creating a pVM
25-smctrng	75a07bd10279	BACKPORT: ANDROID: KVM: arm64: Always unmap the pvmfw region at stage-2
25-smctrng	8efcdd24e3ed	BACKPORT: ANDROID: KVM: arm64: Add smc64 trap handling for protected guests
25-smctrng	f19e8cc09a43	BACKPORT: ANDROID: KVM: arm64: relay entropy requests from protected guests directly to secure
25-smctrng	e4ded85f570e	BACKPORT: ANDROID: KVM: arm64: Add PKVM_STRICT_CHECKS
25-smctrng	6cb424b41796	ANDROID: KVM: arm64: mem range overflow checks for pKVM mem_protect
25-smctrng	6b2b876ed983	ANDROID: KVM: arm64: Drop struct pkvm_mapping from KMI
25-smctrng	2b1ce8cbaf98	ANDROID: KVM: arm64: Configure size of pKVM linear map on the cmdline
25-smctrng	f0cf3da0ea67	BACKPORT: ANDROID: KVM: arm64: Handle hyp s1 allocation failures gracefully
25-smctrng	d616d9f7378a	ANDROID: KVM: arm64: Map MMIO donation as device at EL2
25-smctrng	d997ac115660	ANDROID: KVM: arm64: Redirect modprobe to /dev/kmsg
25-smctrng	4eb90a9b702a	ANDROID: KVM: arm64: Fix MMIO guard alignment for guests
25-smctrng	9fda8d999871	ANDROID: KVM: arm64: Allow the pVM guest to boot with different granule
25-smctrng	1f3045bfd870	ANDROID: KVM: Add guest support for range-based hypercalls
25-smctrng	455b60b5c365	ANDROID: KVM: arm64: Add documentation for range-based guest HVCs
25-smctrng	ee577051cf12	BACKPORT: ANDROID: KVM: arm64: Add a range to the guest MMIO guard hypercalls
25-smctrng	afef8cb69b52	ANDROID: KVM: arm64: Forward the range MMIO guard hypercalls to the host
25-smctrng	45565b40952f	BACKPORT: ANDROID: KVM: arm64: Add a MMIO flag for pKVM page state
26-cma	ecfee8579830	BACKPORT: ANDROID: KVM: arm64: Back the host stage-2 memory pool by a CMA region
26-cma	e4342f0beab7	ANDROID: KVM: arm64: selftests: Add PIE and POE tests for pVMs
26-cma	06b779d506d1	ANDROID: KVM: arm64: Expose PIE and POE in ID_AA64MMFR3_EL1
26-cma	7896c8b9e2de	ANDROID: KVM: arm64: Remove page ownership check in host_stage2_adjust_range
26-cma	e3b08fd156a4	ANDROID: KVM: arm64: Use $(obj) for nVHE compilation rules
26-cma	dbba9ed5b461	BACKPORT: ANDROID: KVM: arm64: Add SMCCCv1.2 call module API
26-cma	b4229e533603	ANDROID: KVM: arm64: Fix error path in pkvm_alloc_private_va_range
26-cma	6c4b240caf54	BACKPORT: ANDROID: KVM: arm64: support no poison variant of memrelinquish hvc
26-cma	3431a9a91dd4	BACKPORT: ANDROID: KVM: arm64: Remove obsolete pkvm module ops callbacks
26-cma	8d4557577db6	ANDROID: KVM: arm64: hypervisor PA-VA conversions as inline functions accessible for hypervisor modules
26-cma	bf7374876ad3	ANDROID: KVM: arm64: Export kvm_nvhe alias of alt_cb_patch_nops
26-cma	f1ec7a540991	ANDROID: KVM: arm64: Support 16k page granule for protected guests
26-cma	2cd95c9025e6	BACKPORT: ANDROID: KVM: arm64: Use path variable for modules
26-cma	7997ae727c64	BACKPORT: ANDROID: selftests: Update arm-smccc.h
26-cma	69b5921451eb	BACKPORT: ANDROID: KVM: selftests: Allow memory cleanup after VM file descriptor closure
26-cma	3123fa03883d	ANDROID: KVM: selftest: Add macro to read guest global memory
26-cma	87f22e0c4219	BACKPORT: ANDROID: KVM: arm64: Fix guest_share_host() with block-aligned range
26-cma	9b5361ee451b	BACKPORT: ANDROID: KVM: arm64: Add TRNG handling for protected guests
26-cma	5ac24549dc70	ANDROID: KVM: arm64: Add getters for SMCCC args 4-6
26-cma	f175d6401152	ANDROID: KVM: arm64: Add __pkvm_hyp_donate_guest()
26-cma	b8c5795c415b	ANDROID: KVM: arm64: Add macro for SMCCC call with all returns
26-cma	4d55642b43c2	ANDROID: KVM: arm64: Support MMIO host/hyp donation
26-cma	618fd6a8b027	BACKPORT: FROMLIST: KVM: arm64: pkvm: Add pkvm_time_get()
26-cma	79360ce12a83	ANDROID: KVM: arm64: Allow donation to hyp with prot
26-cma	8b629500466e	BACKPORT: ANDROID: KVM: arm64: Add hyp_smp_processor_id() to module ops
26-cma	af9d4d449133	ANDROID: drivers: misc: Fix missing-prototype for pKVM pl011
26-cma	78958c41bee9	ANDROID: arm64: Forcefully disable SME at runtime
26-cma	86c711fc17b9	BACKPORT: ANDROID: KVM: arm64: Drop unused sections from hypervisor
26-cma	a6abcb78c6e8	ANDROID: KVM: arm64: Disable Memory Tagging for all guests if not supported
26-cma	2cb3e7154233	ANDROID: KVM: arm64: Allow post-freeze backports to pKVM
26-cma	a67c0beb6fd3	BACKPORT: ANDROID: KVM: arm64: Expose unmap_module_page to modules
26-cma	9d5a29b760e7	ANDROID: KVM: arm64: size overflow checks for mem_protect HVCs
26-cma	c40a6f147dea	BACKPORT: ANDROID: KVM: Prevent memory sharing outside of the RAM regions
26-cma	8015faea1218	ANDROID: KVM: arm64: Fix NULL deref in host stage-2 ptdump files
26-cma	922d3ca7b0d4	BACKPORT: ANDROID: KVM: arm64: Add host stage-2 ptdump support
26-cma	d230817ae88a	BACKPORT: ANDROID: KVM: arm64: Add protected VM ptdump support
26-cma	a5d9622cac1e	ANDROID: virtio-balloon: fix virtio balloon hyp_ops
27-buddyrace	cd9ec098809c	BACKPORT: ANDROID: kvm: arm64: Fix buddy race in __hyp_put_page()
27-buddyrace	719bfcae3b3d	ANDROID: KVM: arm64: Prevent percpu usage in pKVM modules
27-buddyrace	1f70a7292892	BACKPORT: ANDROID: swiotlb: Add per pool encrypted property
28-sve	c95215119cde	ANDROID: pkvm-guest: Don't WARN on MMIO Guard MAP failure
28-sve	363ae33af054	BACKPORT: ANDROID: KVM: arm64: Enable SVE for protected guests
28-sve	5be6e619db32	ANDROID: KVM: arm64: Allow APA3 for protected VMs
28-sve	786e44461856	ANDROID: KVM: arm64: Enable MOPS for protected VMs
28-sve	07f0f185bea0	ANDROID: KVM: arm64: NULL-check vcpus[] entries in pKVM PSCI helpers
28-sve	3bbfb3a9895f	ANDROID: KVM: arm64: selftests: Add FPMR coverage to the pkvm selftest
28-sve	ef432b55ba0a	BACKPORT: ANDROID: KVM: arm64: pkvm: Expose FPMR to protected guests
29-spine-complete	cd93221533a3	BACKPORT: ANDROID: KVM: arm64: Try relax vector of late online CPUs under pKVM
29-spine-complete	2f9e1f52cf7c	FROMLIST: KVM: arm64: Sync SPSR_EL1 when injecting an exception into a pVM
29-spine-complete	1af29e1890d1	BACKPORT: FROMLIST: KVM: arm64: Sync SCTLR_EL1 when injecting an exception into a pVM
29-spine-complete	bc940359b67e	BACKPORT: ANDROID: KVM: arm64: Allow late onlining of CPUs under pKVM
29-spine-complete	55d99f5bfa42	BACKPORT: ANDROID: KVM: arm64: Enable late init of kvm_cpu_context for pKVM
29-spine-complete	e561b84dc822	BACKPORT: FROMLIST: KVM: arm64: Validate the offset to the mem access descriptor
30-postsnap	2286f90651cb	ANDROID: KVM: arm64: Fix double CPU locking pkvm_drop_host_privileges()
30-postsnap	dbcc44651dd3	ANDROID: KVM: arm64: Disable host PMU counters for protected guests
31-ffa-foundation	b71fe3d1009e	BACKPORT: ANDROID: KVM: arm64: Handle guest FF-A unmap call
31-ffa-foundation	0ac0117964d6	BACKPORT: ANDROID: KVM: arm64: Handle guest FF-A map call
31-ffa-foundation	c986ac0f0679	BACKPORT: ANDROID: KVM: arm64: Support multiple FF-A partition buffers
31-ffa-foundation	731dc9783425	ANDROID: KVM: arm64: Use the hypervisor lock for FF-A transactions
31-ffa-foundation	5d2168e39a19	ANDROID: KVM: arm64: Pass the hyp_vcpu as an argument to the FF-A handlers
31-ffa-foundation	fc372fb2a23a	ANDROID: KVM: arm64: Support pVM memory sharing with Trustzone(FF-A)
31-ffa-foundation	2b212da05214	ANDROID: KVM: arm64: Support pVM memory sharing with the hypervisor
31-ffa-foundation	404849a4cb34	ANDROID: KVM: arm64: Relax SMCCC version check during FF-A proxy init
31-ffa-foundation	76dbad644937	ANDROID: KVM: arm64: Increase size of FF-A buffer
31-ffa-foundation	c3be03514ef7	BACKPORT: FROMLIST: firmware: arm_ffa: Move the ffa_to_linux definition to the ffa header
32-hyp-req	3312314a17b5	BACKPORT: ANDROID: KVM: arm64: Handle mem HYP_REQ in the host
32-hyp-req	ccefc9d52378	BACKPORT: ANDROID: KVM: arm64: per-CPU shared page for pKVM hyp requests
33-ffa-backhalf	fc45e3a519fe	BACKPORT: ANDROID: KVM: arm64: Fixes to tearing down RESERVED VMs
33-ffa-backhalf	0f49567e2abf	ANDROID: KVM: arm64: Fix accesses to VMs in the VM Table in hyp
33-ffa-backhalf	a34aa09ae044	ANDROID: KVM: arm64: Use the correct handle during ff-a transfer
33-ffa-backhalf	97599828e72f	BACKPORT: ANDROID: KVM: Send VM availability FF-A direct messages to Trustzone
33-ffa-backhalf	c2bdac113b09	BACKPORT: ANDROID: KVM: arm64: Support direct messages for protected guests
33-ffa-backhalf	2ac9a5e7f636	ANDROID: KVM: Send FFA_RX_RELEASE with the hyp buffers lock held
33-ffa-backhalf	2208a2e6571c	BACKPORT: ANDROID: KVM: Support FF-A handling for pVMs using the hvc conduit
33-ffa-backhalf	069bd62b4565	BACKPORT: ANDROID: KVM: arm64: Introduce KVM_CAP_ARM_PROTECTED_VM_FLAGS_SET_FFA uapi
33-ffa-backhalf	841781f51d8b	BACKPORT: ANDROID: KVM: On guest exit ask Trustzone to relinquish the borrowed pages
33-ffa-backhalf	3d7067621b9c	ANDROID: KVM: arm64: Paint the reclaimed PAs with IPAs for FFA_MEM_RECLAIM
33-ffa-backhalf	697a603c5ea5	ANDROID: KVM: arm64: Paint the guest IPAs with PAs for FF-A sharing
33-ffa-backhalf	9d3b5dfcdd51	ANDROID: KVM: arm64: Handle guest FF-A partition info get
33-ffa-backhalf	9afdc8fa900f	ANDROID: KVM: arm64: Handle guest FF-A ID_GET call
33-ffa-backhalf	01ce576cdfaf	BACKPORT: ANDROID: KVM: arm64: Handle guest FF-A share/lend/reclaim
34-ffa-blockb	71c9a5c68181	BACKPORT: FROMLIST: KVM: arm64: Enforce strict SBZ checks in the FF-A proxy
34-ffa-blockb	b2cc1e3a2c53	ANDROID: pKVM: arm64: ffa_max_nr_constituents configurable
34-ffa-blockb	c0c2fa78260e	BACKPORT: FROMLIST: KVM: arm64: Support FFA_NOTIFICATION_INFO_GET in host handler
34-ffa-blockb	58484aed838d	BACKPORT: FROMLIST: KVM: arm64: Support FFA_NOTIFICATION_GET in host handler
34-ffa-blockb	bc81708218f9	BACKPORT: FROMLIST: KVM: arm64: Support FFA_NOTIFICATION_SET in host handler
34-ffa-blockb	eab21de200fe	BACKPORT: FROMLIST: KVM: arm64: Support FFA_NOTIFICATION_UNBIND in host handler
34-ffa-blockb	7b6290ebcdfc	BACKPORT: FROMLIST: KVM: arm64: Support FFA_NOTIFICATION_BIND in host handler
34-ffa-blockb	75d3b67b5c46	BACKPORT: FROMLIST: KVM: arm64: Forward FFA_NOTIFICATION_BITMAP calls to Trustzone
34-ffa-blockb	898e6e29b960	BACKPORT: ANDROID: KVM: arm64: Use the correct number of pages for the FF-A pool
34-ffa-blockb	858cf1b14cc8	BACKPORT: ANDROID: KVM: arm64: pkvm: Fix FFA reclaim NULL-deref on unset vcpus[0]
34-ffa-blockb	84759d0e5272	ANDROID: KVM: arm64: Use the correct offset for guest FF-A constituents
34-ffa-blockb	51c701d4b011	ANDROID: KVM: Prevent the guest from talking FF-A too early
34-ffa-blockb	e1d45e1c33ab	FROMLIST: KVM: arm64: Support FFA_MSG_SEND_DIRECT_REQ2 in host handler
34-ffa-blockb	d872ba31bf6a	ANDROID: KVM: arm64: Support FFA_MSG_SEND_DIRECT_REQ2 in guest handler
34-ffa-blockb	ce34bd35f537	ANDROID: KVM: arm64: Don't use a smaller FF-A version than the hyp
34-ffa-blockb	565a8df5e5c6	ANDROID: KVM: arm64: Fix return code for guest FF-A version
34-ffa-blockb	10a6b7c3c9d4	BACKPORT: ANDROID: KVM: arm64: Retry guest ff-a sharing with the faulted pages
34-ffa-blockb	6e5be63a348d	ANDROID: KVM: arm64: Reland split the host ffa handle store
34-ffa-blockb	c7b69ecc46b7	ANDROID: KVM: arm64: Prevent the host from reclaiming guest FF-A memory
34-ffa-blockb	64006f7d8e53	ANDROID: KVM: Verify the constituents offset in the guest FF-A
34-ffa-blockb	97db2e2df869	BACKPORT: ANDROID: KVM: arm64: Unmap host stage-2 memory on FF-A lend
35-sidefixes	9780ced99083	FROMLIST: firmware: arm_ffa: Fix Endpoint Memory Access Descriptor offset calculation
35-sidefixes	fcad1c470319	ANDROID: KVM: arm64: Allow FFA_MEM_* to no-map regions
35-sidefixes	c6338f1f08ae	BACKPORT: ANDROID: KVM: arm64: Store module section range and hyp VA in pkvm_el2_module
36-thp-infra	39b0ca2a6a45	BACKPORT: KVM: arm64: Raise PKVM_HYP_REQ_SPLIT on guest to host sharing
36-thp-infra	8c40c2771472	BACKPORT: KVM: arm64: Add PKVM_HYP_REQ_SPLIT
36-thp-infra	24f248f287fb	KVM: arm64: Extend pKVM page ownership selftests to cover guest block split
36-thp-infra	49d07655c745	BACKPORT: KVM: arm64: Add __pkvm_host_split_guest HVC
36-thp-infra	eb874034ebe5	BACKPORT: KVM: arm64: Add pkvm_hyp_req infrastructure
36-thp-infra	43f0c1196be4	BACKPORT: KVM: arm64: pkvm: Warn on guest stage-2 block collapse
36-thp-infra	cac18eef1b28	BACKPORT: KVM: arm64: Handle huge mappings in __pkvm_host_force_reclaim_page_guest()
36-thp-infra	a1b2bd36ff31	BACKPORT: KVM: arm64: Add a range to pKVM ownership selftest
36-thp-infra	6f7eb97237c8	BACKPORT: KVM: arm64: Add a range to __pkvm_guest_unshare_host()
36-thp-infra	db71def9eb12	BACKPORT: KVM: arm64: Add a range to __pkvm_guest_share_host()
36-thp-infra	2c6d4587355b	BACKPORT: KVM: arm64: Add a range to __pkvm_host_reclaim_page_guest()
36-thp-infra	df36844eea2d	BACKPORT: KVM: arm64: Add a range to __pkvm_host_donate_guest()
36-thp-infra	21e44a5684ae	BACKPORT: KVM: arm64: Add a range to __pkvm_host_share/unshare_hyp()
36-thp-infra	133d2e6a58f7	BACKPORT: KVM: arm64: Make pKVM ownership selftest an HVC
36-thp-infra	feb60a57a205	BACKPORT: KVM: arm64: Use block-level annotations when setting up the host stage-2
36-thp-infra	22137d923a14	KVM: arm64: Allow block-level stage-2 annotation
36-thp-infra	a62282a6e11e	BACKPORT: KVM: arm64: Prefault host stage-2 entries on block split
36-thp-infra	e9350d73ddb3	ANDROID: Reintroduce support for CONFIG_CMDLINE_EXTEND
37-audit-fixes	c349700143c4	BACKPORT: ANDROID: KVM: arm64: Don't flush host VSESR_EL2 into protected vCPUs
37-audit-fixes	8b2f9eef37ed	Revert "ANDROID: arm64: Forcefully disable SME at runtime"
37-audit-fixes	830f9310b63b	ANDROID: KVM: Don't release the VM memory after it is given to the hyp
39-modtracing	7e7ba1280b21	ANDROID: KVM: arm64: Allow trace_hyp_printk() in pKVM modules
39-modtracing	1c8e4c49516e	ANDROID: KVM: arm64: Expose define_hypevents.h to modules
39-modtracing	bc90d3107dd2	ANDROID: KVM: arm64: Fix hyp events ELF section order
39-modtracing	88f2ba5cd1f8	ANDROID: KVM: arm64: Automate pKVM module event registration
39-modtracing	befeb95678d2	ANDROID: KVM: arm64: Pass pkvm_el2_module struct to hypervisor
39-modtracing	2a553a1950d3	ANDROID: KVM: arm64: Enable in-pKVM-module in-hyp event tracing
39-modtracing	7a2e586fdcc0	ANDROID: KVM: arm64: Move nvhe trace related files into nvhe/trace/
39-modtracing	14007e301943	ANDROID: KVM: arm64: Allow registration of pKVM module hyp events
39-modtracing	3aadadd3e4de	ANDROID: tracing/remotes: Export trace_remote_register_events
39-modtracing	7a31513510ca	ANDROID: tracing/remotes: Refactor trace_remote event registration to use arrays
39-modtracing	1dc95f622062	ANDROID: tracing/remotes: Make trace_remote_register() return a pointer
39-modtracing	ed3017743d34	ANDROID: KVM: arm64: Decode pKVM module tracing section
