sha	date	topic	subject
0d4e2e75ebb9db0e354208249fc0d42bcca24654	2021-06-21	pvm-core	ANDROID: KVM: arm64: Plumb MMIO checking into the fault handling
a451bd7d74d7cbf6e72b3d94b0a7241b1f5bca99	2021-06-21	mmioguard	ANDROID: KVM: arm64: pkvm: Wire MMIO guard hypercalls
2eaf57cb577fd04ad9dfcd932122bf9bff3d3085	2021-06-21	mmioguard	ANDROID: KVM: arm64: Define MMIO guard hypercalls
cab6ed6f012ce811c500983a8ed4c1923816570f	2021-06-21	host-stage2	ANDROID: BACKPORT: KVM: arm64: Turn kvm_pgtable_stage2_set_owner into kvm_pgtable_stage2_annotate
8ea21f497f62007a5543f4c525b521f6490d382b	2021-07-05	mmioguard	ANDROID: KVM: arm64: Add some documentation for the MMIO guard feature
6e61fd65f572acb630863601506c5afff20fc425	2021-10-12	pvm-core	ANDROID: KVM: arm64: Introduce helper to calculate fault IPA offset
0dd1d84716d9b976597256056cae581ac91dae61	2021-12-09	pvmfw	ANDROID: KVM: arm64: Introduce KVM_CAP_ARM_PROTECTED_VM to set/query PVM firmware
b59646301ec6347d2d323cd55baf7bb1aba92347	2021-12-09	pvmfw	ANDROID: KVM: arm64: Reset primary vCPU according to PVM firmware boot protocol
1429445bc68c10e54de4c08d3c3167b50de27dfe	2021-12-09	pvmfw	ANDROID: KVM: arm64: Copy pvmfw into guest pages during donation from the host
09ba9e1fae0db4dde9a02bd79431b152a6747f63	2021-12-09	pvmfw	ANDROID: KVM: arm64: Unmap PVM firmware from host stage-2 during de-privilege
9d7f4dc9c2b68497368dabb654ca482cfd3286da	2022-01-05	smc-handlers	ANDROID: KVM: arm64: relay entropy requests from protected guests directly to secure
621d463cad81532a74bdff6303dde95a19edad5e	2022-01-06	mmioguard	ANDROID: KVM: arm64: pkvm: Add MMIO guard infrastructure
230dbae6487e2a67ccfa684083569f34d7f99c74	2022-01-06	mmioguard	ANDROID: KVM: arm64: Introduce KVM_ARCH_FLAG_MMIO_GUARD flag
f5aa206cc661eb67b791556b710af525614052e2	2022-02-09	lock-tlb	ANDROID: KVM: arm64: Don't expose TLBI hypercalls after de-privilege
c08ae3b77ebfb807a34adeae40ee019f6b1ec402	2022-02-11	smmu-v3	ANDROID: iommu/arm-smmu-v3: Move queue and table allocation to arm-smmu-v3-common.c
67f34a2405d6beac1c943288907f6e78c6ce07c9	2022-02-24	pvmfw	ANDROID: KVM: arm64: Clear pvmfw pages on clean host shutdown
bb84ff6a16881ea20372a5aadf5d7cd3872e9ec3	2022-03-03	smmu-v3	ANDROID: iommu/arm-smmu-v3: Extract driver-specific bits from probe function
543f79ee2014701b2830e31f0f5c4c3cbd19917e	2022-03-04	ffa	ANDROID: KVM: arm64: Relax SMCCC version check during FF-A proxy init
e7feb64200668457209e075ecab75cea77e82515	2022-03-10	lock-tlb	ANDROID: KVM: arm64: Introduce hyp_rwlock_t
550d00eb7380fc1852f190494a10c25cb67691ba	2022-03-22	host-stage2	ANDROID: KVM: arm64: Inject SIGSEGV on illegal accesses
e5dcb31481e49b0bfc791954d5a8cb2dfcc090ba	2022-03-22	pvm-core	ANDROID: KVM: arm64: Refactor enter_exception64()
22f9659f80cca399f69f5499e31d9e4cd9ba1666	2022-03-25	psci-memprotect	ANDROID: BACKPORT: KVM: arm64: Use PSCI MEM_PROTECT to zap guest pages on reset
1b4e4b9be40c34f643775ba4e27275e27ce0a2d4	2022-03-29	pvm-core	ANDROID: KVM: arm64: Expose memory sharing hypercalls to protected guests
153ca86216ff32033d53d34af52b06496719cc6a	2022-04-07	pvm-core	ANDROID: KVM: arm64: Do not allow memslot changes after first VM run under pKVM
c54349e67aadc63115c1ca1fa228c0e385092c9e	2022-04-14	pvm-core	ANDROID: KVM: arm64: Add the {flush,sync}_hyp_vgic_state() primitives
df3f29430f8848aa21c2290c3b5e4dee77a392a2	2022-04-20	pvm-core	ANDROID: KVM: arm64: Skip __kvm_adjust_pc() for protected vcpus
de0f294191c45e425b44abbe8e99b05125f665e2	2022-04-20	pvm-core	ANDROID: KVM: arm64: Add the {flush,sync}_hyp_timer_state() primitives
2d2bc047f57b44fda9e399c02fc05bf034019d84	2022-04-21	mmioguard	ANDROID: arm64: Auto-enroll MMIO guard on protected vms
13838d636b9672a8738362650a5925922169aa7e	2022-04-21	pvm-core	ANDROID: Documentation: KVM: Add some documentation for Protected KVM on arm64
cfcf17b78ea8877d8eeea2ffd3d74d94d3fe541e	2022-04-25	pvm-core	ANDROID: KVM: arm64: Introduce KVM_VM_TYPE_ARM_PROTECTED machine type for PVMs
4ede2e06c1c63639a6c4b4fe457244f3d9e548ed	2022-04-25	pvm-core	ANDROID: KVM: arm64: Trap debug break and watch from guest
a1e3fa89ad298df1a193303f897da2978ac91083	2022-04-25	pvm-core	ANDROID: KVM: arm64: Reset sysregs for protected VMs
c34185dd10f97f9db91935bd9b58b08ad57725ae	2022-04-25	pvm-core	ANDROID: KVM: arm64: Introduce lazy-ish state sync for non-protected VMs
918fe1d2a2ac76a0f490fa33f3d39b99b53b95f6	2022-04-25	pvm-core	ANDROID: KVM: arm64: Refactor kvm_vcpu_enable_ptrauth() for hyp use
f081fc8332f70cefd91161d3b0b2974f2065b7eb	2022-04-25	pvm-core	ANDROID: KVM: arm64: Refactor reset_mpidr() to extract its computation
2431a255470351da77411d9ff34a0e620db02b0e	2022-04-25	pvm-core	ANDROID: KVM: arm64: Move some kvm_psci functions to a shared header
a0d64832f711cdbce9567890764948d055cff02f	2022-04-25	pvm-core	ANDROID: KVM: arm64: Move pstate reset value definitions to kvm_arm.h
c590d0bbabbd53ea6abcffc8969154641eacdaf6	2022-04-26	psci-memprotect	ANDROID: KVM: arm64: Handle PSCI for protected VMs in EL2
099203753f0adcb5d6ab2369e94ab356017483d2	2022-04-26	pvm-core	ANDROID: KVM: arm64: Add HVC handling for protected guests at EL2
2edbcdc07edad4014db995dfccb276dacb1ef344	2022-04-26	pvm-core	ANDROID: KVM: arm64: Move vgic state between host and hypervisor vcpu structures
d0e233d1615aa1010803968196aec1175bc1c622	2022-04-27	pvm-core	ANDROID: KVM: arm64: Initialize hypervisor vm state at EL2
794eb47b9ff3475e9eaf71de85dd4d81f2cf5a71	2022-04-27	pvm-core	ANDROID: KVM: arm64: Add EL2 entry/exit handlers for pKVM guests
60cd858c61722bab0f95894f9826ca81b56d1ef3	2022-05-06	pvm-core	ANDROID: KVM: arm64: Disallow dirty logging and RO memslots with pKVM
13d580a38011cb1e32bbccb86a4ea818a8268041	2022-05-09	pvm-core	ANDROID: KVM: arm64: Add hyp per_cpu variable to track current physical cpu number
469fe54e115cd2e0caf09585ade8f04f8217d344	2022-05-09	pvm-core	ANDROID: KVM: arm64: Add current host and hyp vCPU lookup primitive
f07a07514e2d7224a350e827816edfeb259a17a4	2022-05-11	pvm-core	ANDROID: KVM: arm64: Factor out vcpu_reset code for core registers and PSCI
18c642f859c2210a269bf76d2725a2c0b0f6009e	2022-05-26	mem-relinquish	ANDROID: KVM: Define mem_relinquish interface for releasing memory to a hypervisor.
76cf9515c23d50fa1bd0e09bfc4404d4f890bc1c	2022-06-11	pvm-core	ANDROID: KVM: arm64: Introduce per-EC entry/exit handlers
b547543840a34c4d9edd21acc2fc4455ebd8b79b	2022-06-11	pvm-core	ANDROID: KVM: arm64: Add vcpu flag copy primitive
250955afcea06d841650e119209941d6179253c4	2022-06-11	pvm-core	ANDROID: KVM: arm64: Add PC_UPDATE_REQ flags covering all PC updates
e8aad1a476abc0327170e4bffc312690c55cc2fb	2022-06-27	hyp-alloc	ANDROID: KVM: arm64: Add mapping removal interface for nVHE hyp
fc1ea6275c1cf1a9c9e87063fa1dcb2e3e381356	2022-07-18	ffa	ANDROID: KVM: arm64: Increase size of FF-A buffer
ffd97775f141fe4f65525d523fac12045a707637	2022-08-10	mem-opt	ANDROID: KVM: arm64: Split stage2_put_pte function
a9d9b74c125b37814736f3fa2b113120efb1fbec	2022-08-18	hypmem-hypexport	ANDROID: virtio_balloon: Do not translate reported pages through DMA API
52820b3c1e83405adb1bbf5b2635e799a6ec78ae	2022-09-09	pvm-core	ANDROID: KVM: arm64: Move gen-hyprel into a tool directory
08183730eb1c78f8e1177138ad26cdc300d02ad2	2022-09-19	modules	ANDROID: KVM: arm64: Add serial framework for pKVM
c3492dc81e48030bce6321da30ddff370b51dcd3	2022-09-19	modules	ANDROID: KVM: arm64: Expose __pkvm_create_private_mapping to pKVM modules
0bfbf252474639bcf79e85e58f07eb653817f2a3	2022-09-27	modules	ANDROID: KVM: arm64: Add support for custom hypercall registration
ef99fa6bb85f4225be2dc8b147610d5d7e219c8e	2022-09-30	pvm-core	ANDROID: KVM: arm64: Ensure that TLBs and I-cache are private to each vcpu
b70161e8278252f8f4ddbeba9cb99efded545a47	2022-10-06	modules	ANDROID: KVM: arm64: Allow loading modules to the pKVM hypervisor
fff39dd655d64876a641d5ffca5cff5ed3ba7c9c	2022-10-18	tracing	ANDROID: KVM: arm64: add support for early enablement nVHE hyp events
f45703ded30b1cf6a19355ae4a71619ac0cfe5c1	2022-10-24	pvm-core	ANDROID: KVM: arm64: Ignore length of 0 in kvm_flush_dcache_to_poc()
d1a35a6d14fffd7ff43252011ac328d63594c19c	2022-10-25	modules	ANDROID: KVM: arm64: Add a permission fault handler
f5239309e03de6140a48ccedeb068d47d62d0e34	2022-10-25	host-stage2	ANDROID: BACKPORT: KVM: arm64: Introduce PKVM_PAGE_RESTRICTED_PROT
cf961d8fe3b93952893fb16dfbbf9930ae9ab727	2022-10-26	pvm-core	ANDROID: KVM: arm64: Add protected_shared_mem statistic
fbc5928d734c519a3bb9e64c674cd6c380c473cb	2022-10-26	modules	ANDROID: KVM: arm64: Expose kvm_flush_dcache_to_poc() in module_ops
46bbadc8fcdaae388e1aa34b0294526c2bd93712	2022-10-26	modules	ANDROID: KVM: arm64: Expose hyp fixmap helpers in module_ops
489e27619ee681c21001747d112e739240bf0e44	2022-11-02	tracing	ANDROID: KVM: arm64: Add EL2 wakeup cause hyp events
e36599070d966f2474c53c8ee8297418787b7877	2022-11-08	pvm-core	ANDROID: KVM: arm64: Monitor Debug support only for non-protected guests
9ecd1a3ddd4f00abe3ad30fff404575def36232b	2022-11-08	pvm-core	ANDROID: KVM: arm64: Flush the vcpu iflags for non-protected VMs
9ba2f31c15372cd481cedab0f85a8a071a77a6a1	2022-11-17	hypmem-hypexport	ANDROID: virtio_balloon: Do not clear VIRTIO_F_ACCESS_PLATFORM
0b0ad1d4ced308b39baad0f31c164f357d19f13e	2022-11-18	modules	ANDROID: KVM: arm64: pKVM module loading before deprivilege
48352ac74c7f5c33871fb636e7fa2ec5b8bb8619	2022-11-24	host-stage2	ANDROID: KVM: arm64: Introduce default_host_prot()
dd18a8e8c02da522ea610b47f8120753a63f9662	2022-11-24	modules	ANDROID: KVM: arm64: Block module loading based on cmdline or HVC
e54d199301910617347a118c9d681f6a03e15f07	2022-11-25	modules	ANDROID: KVM: arm64: Return a token for a pKVM module registration
be36f592d8ff2fd1656224a20de3fa4be74f65ed	2022-11-28	tracing	ANDROID: KVM: arm64: Add format file for hyp events
a5793ef4dc14eb89965aa6d797a06af080822182	2022-12-07	modules	ANDROID: KVM: arm64: Allow trap handling from pKVM modules
4c05264ec9f1ce7e666e1f41cc049dacfdd086b4	2022-12-07	modules	ANDROID: KVM: arm64: Notify pKVM modules of PSCI events
4b430faee7eee78a718108c8e0c3ffc530fb2aac	2022-12-07	modules	ANDROID: KVM: arm64: Allow handling illegal aborts from pKVM modules
1ea2ef51b4d0ace5ecf1cf4f675b2ac5d21ec5c0	2022-12-07	modules	ANDROID: KVM: arm64: Allow SMC handling from pKVM modules
c93df4b79f9129d5202338de2407e9b6baf0446f	2022-12-07	modules	ANDROID: KVM: arm64: Include .note.gnu.property in .hyp.rodata
820fa6badfb9f920ec8bc20f7da6c3d44f690565	2022-12-08	pvm-core	ANDROID: KVM: arm64: Move kvm_pte_table to the common header
43004a5645c059581f2ac8e336b6f41b41686b44	2022-12-09	modules	ANDROID: arm64: kvm: Add new module functions used by s2mpu.
b287e67faa75551d50c8d33b133ddb32b14341c9	2022-12-09	modules	ANDROID: KVM: arm64: Add helper for pKVM modules addr conversion
76340466e625831ff0218b20131d7bc91f502b6b	2022-12-12	host-stage2	ANDROID: KVM: arm64: Specify stage-2-protected regions in DT
38bec700a6825d66809ae8d84cc4724a89e3aff1	2022-12-12	host-stage2	ANDROID: KVM: arm64: Introduce concept of pKVM moveable regions
484afbfe72bcd44ab10d37281cd61d047815f701	2022-12-13	hypmem-hypexport	ANDROID: KVM: arm64: Add support for non-cacheable mappings
cc476b23911d3ac1f2ebea4d39d1e4c604ddb10c	2022-12-23	modules	ANDROID: KVM: arm64: Introduce a hyp panic module notifier
3de4098e6339ff12586c0256633b9dd653600ce3	2022-12-23	modules	ANDROID: KVM: arm64: Expose linear map APIs to pKVM modules
32f454a04f42155afd9b86ad1e198a44635a3e46	2023-01-04	modules	ANDROID: KVM: arm64: Sanity check the input to pKVM module mm APIs
7994ecbf22e030614fd89f86f731187af4cc966c	2023-01-04	modules	ANDROID: KVM: arm64: Expose pKVM module mm APIs in module_ops
9e3c03f85ff2d67de8fc00e5689ab5fffb0c96da	2023-01-05	modules	ANDROID: KVM: arm64: Resolve hyp module addresses using ELF sections
5ed847c7449e9fa37d22f1289327e4cae9c3abab	2023-01-06	modules	ANDROID: KVM: arm64: Allow skipping module page donation
36fb9e1661267896fbdc8c2d3a37cc5f8c06fef5	2023-01-06	modules	ANDROID: KVM: arm64: Rework pKVM module locking
d88dfb0f41ca427c31753298528e0dc1e70c7d91	2023-01-06	modules	ANDROID: KVM: arm64: Expose get_leaf to pKVM modules
cd16d39ec91a88bbdf272c9efd373e6936ae673b	2023-01-17	modules	ANDROID: KVM: arm64: Expose hyp_va to modules
d724555becacacba4079cb6b93c123fd24cbacfa	2023-01-24	mmioguard	ANDROID: KVM: arm64: Include MMIO guard and memory relinquish in top-level hypercalls doc
d73480a1b4b7f951da4b0ac8db40f4e63225abc6	2023-01-24	pvm-core	ANDROID: KVM: arm64: Consistent hypercall naming in documentation
579050e50cbf76401bd1c69e1daf55f762bd3323	2023-01-24	mmioguard	ANDROID: KVM: arm64: Fix MMIO guard documentation
bbf618ad2c27af490c29dd741667ba0fb942656e	2023-01-25	pvm-core	ANDROID: KVM: arm64: Mark ID registers as hidden in pKVM
b40eccef82e4834b9bd41a43e72861d3dee8788d	2023-01-25	pvm-core	ANDROID: KVM: arm64: Unallocated/Unhandled/Hidden sysreg access in pKVM
5332b781c423e4d1951a85cda86d3631cef14df1	2023-01-26	sve-sme	ANDROID: KVM: arm64: Ensure that SME is trapped if not supported in pKVM
7806775a2bcc240a67f90e9d227d6f95801397d8	2023-01-30	modules	ANDROID: BACKPORT: KVM: arm64: Let modules specify arbitrary permissions for host pages
b1565a601b3a2e8210d3651bdd143149151da926	2023-01-30	modules	ANDROID: KVM: arm64: Introduce module-owned pages
6dd478f4b3d11f8b1f932cfd4d9238ade0890cd6	2023-01-31	smmu-v3	ANDROID: iommu/arm-smmu-v3: Move firmware probe to arm-smmu-v3-common
90f286d772899801d1694dca4a135cf89dfecf01	2023-01-31	smmu-v3	ANDROID: iommu/arm-smmu-v3: Move some functions to arm-smmu-v3-common.c
098e6751ca226db4ecaf2d14e4743f0d1828e1f9	2023-02-02	tracing	ANDROID: KVM: arm64: Add header_page userspace descriptor for hyp tracing
99cf27e56efbed45c79bacaab119e14a174c9abd	2023-02-03	modules	ANDROID: KVM: arm64: Allow tweaking HFGWTR_EL2 from modules
25ad52b2b913e6644ea31827a39b999b94cab6e5	2023-02-03	modules	ANDROID: KVM: arm64: Allow tweaking HCR_EL2 from modules
22a64983b53f7288033f66b1d183c3bfb2dc6c74	2023-02-07	host-stage2	ANDROID: KVM: arm64: Allow setting {P,U}XN in stage-2 PTEs
7881559633c4e890e2ec5cde95266539f34d4f8b	2023-02-10	tracing	ANDROID: KVM: arm64: Enable in-pKVM-module in-hyp event tracing
a4919909415ef86ca2b67771daf3f7e82fd3d77a	2023-02-10	modules	ANDROID: KVM: arm64: Decode pKVM module tracing section
9c249ecf7ec01c4789b570b0909c1507d22852a5	2023-02-14	ffa	ANDROID: KVM: arm64: Support multiple FF-A partition buffers
91fd9ae38ccb07e5b5d5ee366625a42fa494266e	2023-02-14	ffa	ANDROID: KVM: arm64: Use the hypervisor lock for FF-A transactions
dbc21bd11327d04357cc11261066a430caa00569	2023-02-14	ffa	ANDROID: KVM: arm64: Pass the hyp_vcpu as an argument to the FF-A handlers
2805f3247335d0ad9ecdf2633d867f77536d39a5	2023-02-14	pvm-core	ANDROID: KVM: arm64: Support pVM memory sharing with the hypervisor
669005431c13d30388606a40e217dc51d25b1273	2023-02-14	modules	ANDROID: KVM: arm64: Support missing pKVM module sections
05f8ca1d56cdd1d626a193781ad402a52dfd9245	2023-02-16	ffa	ANDROID: KVM: arm64: Handle guest FF-A unmap call
962c0583dd6e964c2a4237480810f7376c55e55e	2023-02-21	modules	ANDROID: KVM: arm64: Deprecate late pKVM module loading
61fc475df4c6c0a935071ccb8ad335b112895f01	2023-02-22	modules	ANDROID: KVM: arm64: Addr sanity check for pKVM HVC registration
b1295d9dd0ae63c7ddff8a7bd90fb5204e58f41d	2023-03-02	modules	ANDROID: KVM: arm64: Expose host_{un}share_hyp() to modules
ce157d29f9a3e8acc78f830ed7680b6c633f0421	2023-03-13	modules	ANDROID: KVM: arm64: Allow post-freeze backports to pKVM
65b42a937365d580d7df864711aa97795458265c	2023-03-22	host-stage2	ANDROID: KVM: arm64: Don't recycle non-default PTEs
b5aa8a06abbe801eae3b6abef05a6ce7fa23fca3	2023-03-22	pvm-core	ANDROID: KVM: arm64: Introduce kvm_pgtable_stage2_reclaim_leaves
b700cb21c1779d7644a79ae52e4c0453ffee54fb	2023-03-22	sve-sme	ANDROID: KVM: arm64: Factor out memory allocation of vcpu SVE state creation
c27105dc06c9367c73e4d27454ce0bf57dbdc979	2023-03-23	sve-sme	ANDROID: KVM: arm64: Donate memory for the guest SVE state for protected VMs
f8e31a2d80a3d094e8d39a6043bc8da42eba6fa4	2023-03-23	sve-sme	ANDROID: KVM: arm64: Store maximum virtualizable vector length at hyp
9d5e0d0a964a79841b5d8a56dc3193cc39aa1ae0	2023-03-24	pvm-core	ANDROID: KVM: arm64: Track sanitized system value of ID_AA64ZFR0_EL1 at hyp
425d65da407ba077ffba5124b385cdddd83528eb	2023-03-31	pvm-core	ANDROID: KVM: arm64: Prevent host from managing timer offsets for protected VMs
f92ff4fd5ae873d3db9521820fcddcaa05449d9a	2023-04-03	hypmem-hypexport	ANDROID: KVM: arm64: Restrict pKVM hyp exports
d8cd01853a2c0a6251f42301070639b636191abb	2023-04-03	host-stage2	ANDROID: KVM: arm64: Pin host stage-2 tables
b6948ea94f16ce5db09214d84f02103c6e08152e	2023-04-03	pvm-core	ANDROID: KVM: arm64: Move kvm_pte_follow() to header
5c31cefb8c99a28e4e7a3d3dfe0dba563eed270e	2023-04-03	host-stage2	ANDROID: KVM: arm64: Pre-populate host stage2
e893c96e435b26decf2eb77d339398c5aea669b9	2023-04-03	host-stage2	ANDROID: KVM: arm64: Fix the host ownership later
a0ec51cda6c79497c16cbd776951df4735b36bd2	2023-04-06	pviommu	ANDROID: drivers: iommu: pviommu: add attach/release_dev function
9d7e1bd4b0b4dada6384aa74c3e37b4cd713a138	2023-04-06	modules	ANDROID: KVM: arm64: Handle permission issue while loading pKVM module
4eadcf48eb8ab49caad5cf0ef0e1ddd81563683d	2023-04-06	modules	ANDROID: KVM: arm64: Add a custom module path for pKVM module loading
3d973b67f42064a47295ae9575d4bb49b40d55a9	2023-04-07	pviommu	ANDROID: KVM: arm64: pviommu: Add attach/detach_dev() guest HVC ops
b3e6f249f1fad4a9d6ce31a42a898688fa48ea7a	2023-04-10	pviommu	ANDROID: KVM: arm64: pviommu: Add map/unmap() HVC ops
39ab6ec9956603ff16693f5b1db3650b893a22ef	2023-04-10	pviommu	ANDROID: KVM: arm64: iommu: Use guest ctxt for DMA pages
57115be4478a51a5d05d805f134b021f8310037d	2023-04-10	smc-handlers	ANDROID: KVM: arm64: Add getters for SMCCC args 4-6
c1c270721cad505a3560056940c02afdfdee90d7	2023-04-11	pviommu	ANDROID: drivers: iommu: pviommu: Add map/unmap functions
dfde63cb5c33919ea8bd412475f1d7d209ce285b	2023-04-11	modules	ANDROID: KVM: arm64: Add a fallback for pKVM module loading
b8a48dcf8cdd4950ee8b2e7ead9f6ce744b032c8	2023-04-16	pviommu	ANDROID: KVM: arm64: pviommu: Add alloc/free_domain() HVC ops
e7d2d8e46eacbb19e0af27abd4bdde5a3c891f76	2023-04-16	pviommu	ANDROID: KVM: arm64: Define pKVM HVCs for pvIOMMU
acf2e802e7d1103e62a30de1050cf9fb2f1cec56	2023-04-18	pviommu	ANDROID: drivers: iommu: pviommu: Add basic driver structure
4621dce621a30570e8e21898c50d70844c4fd9dc	2023-04-18	host-stage2	ANDROID: KVM: arm64: Map MMIO donation as device at EL2
2991e0818034f4e4dcaa278dec65d18c701fd904	2023-04-18	pvmfw	ANDROID: KVM: arm64: Parse reserved-memory node for pkvm guest firmware region
d9ba1f47e3acbee058ecc8a98bde201e1366870d	2023-04-24	pviommu	ANDROID: KVM: arm64: pviommu: Add handlers for pviommu host configuration
07f6e88462b76f4c1f6f7c9218cd918a32b970a5	2023-04-25	pviommu	ANDROID: kvm/vfio: pviommu: Add set config IOCTL
89458eb2b18369956916b6e3ca7ecf9731081359	2023-04-25	pviommu	ANDROID: kvm/vfio: Add pviommu group and attach/get attrs
963201046cd0846b2a07991e6bcd595d2c3899d0	2023-04-25	pviommu	ANDROID: KVM: arm64: pviommu: Add pviommu-host implementation
76fe18f04c828be894df76db3831c701b30b3d9e	2023-04-25	hyp-alloc	ANDROID: KVM: arm64: Add a heap allocator for the pKVM hyp
9e32541766afd8c83cd9327e5fab8cda46e76927	2023-04-25	hyp-alloc	ANDROID: KVM: arm64: Add __hyp_allocator_map for the pKVM hyp
25d3903bdfaad784e591271ad605705a5ba9e9f8	2023-04-25	hyp-alloc	ANDROID: KVM: arm64: Add __pkvm_private_range_pa for the pKVM hyp
f8a195cef1317857b2b0ad331793c7a418f9472c	2023-04-26	pviommu	ANDROID: KVM: arm64: pviommu: Add function to find route for virtual topology
0a3d1bacab9b865e6704a5a6c2b82ab3c19c1c1a	2023-05-11	host-stage2	ANDROID: KVM: arm64: Always unmap protected regions from the host
165740b1cb5234eebb58736c8061451013157f04	2023-05-12	hyp-alloc	ANDROID: KVM: arm64: Introduce hyp_alloc_account for the pKVM hyp
d77863a245a41a5bfbf12013df19fa5aae7ee3b7	2023-05-22	hypmem-hypexport	ANDROID: KVM: arm64: Add order to kvm_hyp_memcache
8d28108506dfc0a3953f9f401c960812ec36b06e	2023-06-07	modules	ANDROID: KVM: arm64: Restrict host-to-hyp MMIO donations
9340f8c6eaba79ba7b54e181c7e53632356b2410	2023-06-08	selftests	ANDROID: KVM: selftest: Add macro to read guest global memory
bd8ebe768859e8689ffadf3ed59bcc181eca75c8	2023-06-08	selftests	ANDROID: KVM: selftest: Add functions to query ucall pool memory info
4ba038cace87f97cb4ddf3a907844a795ad23d80	2023-06-08	selftests	ANDROID: KVM: selftest: Add vm type for protected vms
80eab668d91e266f3a30d16394c17f0bfa34a3bf	2023-06-08	selftests	ANDROID: KVM: selftest: Fix comment
6d21c82f9b2d52bbb3c2ada0edfcc204176a5d18	2023-06-08	selftests	ANDROID: KVM: selftest: Fix kvm vcpu iterator
75f254f50e7d3328aa5ba4e9a2b9e33fb5e2bfc4	2023-06-13	host-stage2	ANDROID: KVM: arm64: Introduce PTE management callbacks
f0a65137fda68e3f87c201fcf70ba3130bc6f3d5	2023-06-16	hyp-alloc	ANDROID: KVM: arm64: Register a shrinker for the pKVM heap allocator
b10adceab734f44f86adcb5b1c92805fedf95b1a	2023-06-19	hyp-alloc	ANDROID: KVM: arm64: Allow hyp_pool to be initialized without pages
45f4272140785a032db6f6f61676a5a57c49ceb2	2023-06-30	lock-tlb	ANDROID: KVM: arm64: Convert pKVM 'vm_table_lock' to an rwlock
dff01f213fff1168a80cc3751076d9ede3c830a3	2023-06-30	hyp-alloc	ANDROID: KVM: arm64: Remove locking from EL2 allocation fast-paths
95d873927e4a39b2f0429daccdf551c04be37674	2023-06-30	hyp-alloc	ANDROID: KVM: arm64: Use atomic refcount helpers for 'struct hyp_page::refcount'
969013db3052f7d700c114007cd9e9f9818b9109	2023-06-30	pvm-core	ANDROID: KVM: arm64: Add atomics-based checking refcount implementation at EL2
fdc420c9072f0d5d08516eed7ec36c3655736582	2023-07-03	hypmem-hypexport	ANDROID: KVM: arm64: Add protected_hyp_mem VM statistic
1da0a5cbde17195b898a99b2d5474762e9c9d974	2023-07-03	pvm-core	ANDROID: KVM: arm64: Filter-out non-kernel addresses in kern_hyp_va
0a01182ba200b61417961a4205cb2b5fdfea6e60	2023-07-03	lock-tlb	ANDROID: KVM: arm64: Introduce new spinlock for hypervisor VM vCPUs[] array
ee48580b19b73bad9db62007e2d3e9b8e091d074	2023-07-03	lock-tlb	ANDROID: KVM: arm64: Rename 'struct pkvm_hyp_vm::lock' to 'pgtable_lock'
e93935d812ade759eaa937f3e0ebae6e12c2887d	2023-07-06	hyp-req	ANDROID: KVM: arm64: Handle mem HYP_REQ in the host
728916084281009a82275a58c269263e1c46a6cc	2023-07-11	selftests	ANDROID: KVM: selftests: Allow memory cleanup after VM file descriptor closure
a146db1bf13de91e31d5efde5bda49790f837d6e	2023-07-12	selftests	ANDROID: KVM: selfest: Add pkvm selftest
2899349e67078ae1d97b22b4adbb2ca11cd53ee2	2023-07-12	selftests	ANDROID: KVM: selftest: Add function to get guest mmio region address
be06fb229ed7729b385fe1354e92d81fb5a28782	2023-07-17	tracing	ANDROID: KVM: arm64: Use hyp_alloc for hyp tracing internal struct
0507c6b62841c80bcb6d9cc5b6fc23796928752f	2023-07-26	mem-opt	ANDROID: KVM: arm64: Coalesce host stage2 entries on ownership reclaim
33803bec5357967d4f6e6e2ec9a7d5e7b4a79844	2023-08-01	tracing	ANDROID: KVM: arm64: add hyp_trace_printk to redirect hyp tracing to printk
80136dbdc3f7c5ae4d4f24aa7bf055593c3e1d6d	2023-08-02	device-assign	ANDROID: KVM: arm64: devices: Add initial device definitions
23f8e7bd93d238ba44cd9e865b120471980edd6d	2023-08-07	pviommu	ANDROID: drivers: iommu: pviommu: Add pasid support
91da1825b652900dd0fe262d2b9387fc59d77416	2023-08-07	tracing	ANDROID: KVM: arm64: trace_hyp_printk()
8c2df6204131bffebf556c953e4b9332891c26e0	2023-08-09	smmu-v3	ANDROID: KVM: arm64: Add __pkvm_iommu_register_ops HVC
32cbdd9be5fc6372463c5031668b0f9b584527c0	2023-08-14	device-assign	ANDROID: KVM: arm64: devices: Takeover assignable devices struct
0c77db5f88e56600da2dc2aa170fa491e0620a10	2023-08-16	host-stage2	ANDROID: KVM: arm64: Add a MMIO flag for pKVM page state
bd2dde5c1dc34ad2b68fa9c208415aed13d3ce8a	2023-08-16	hyp-req	ANDROID: KVM: arm64: Handle pKVM map HYP_REQ in the host
9785d420d617d3a37c3c9d9b232aea121718d1d9	2023-08-17	smmu-v3	ANDROID: iommu/arm-smmu-v3-kvm: Support EL1 compiling as module
9f73174c634442b7c7e6980aa1dd7fdfe0279615	2023-08-17	smmu-v3	ANDROID: iommu/arm-smmu-v3-kvm: Support EL2 compiling as a module
36f343cb364389b38ee4aa3e0270ecf88fbce7c8	2023-09-07	hyp-req	ANDROID: KVM: arm64: per-CPU shared page for pKVM hyp requests
961f09836752f93a0c90d0929038daaddcc45e30	2023-09-07	host-stage2	ANDROID: KVM: arm64: Instantiate a heap allocator for the pKVM hyp
90d457da5d1e73e27d60cf89da1af2e6ac6c3274	2023-09-08	smmu-v3	ANDROID: iommu/arm-smmu-v3: Split common irq code
eda84647ce2b4956f772af919b6c2ca3b0e2a436	2023-09-11	hyp-alloc	ANDROID: KVM: arm64: Use hyp_alloc for pKVM VM hyp structures
97b5bf8a691123df5d865744859f2f0c9d59fd21	2023-09-11	pvm-core	ANDROID: KVM: arm64: Move hyp_vm refcount out of the vmemmap
b78fdaaefffccff46daf5416664fe487948e38e7	2023-09-18	tracing	ANDROID: KVM: arm64: Symbolize pKVM modules EL2 stack trace
cb71554b111c180d8841ad78fc49905c67237761	2023-10-03	hyp-alloc	ANDROID: KVM: arm64: Add unified interface to topup/reclaim hyp allocators
6e4805c4e842cf6a3d3ee4b9df881a1de84be19e	2023-10-04	hyp-alloc	ANDROID: KVM: arm64: Add function to query free pages
f864bab0285b3327d85e25df44b6170e20fc8601	2023-10-12	host-stage2	ANDROID: KVM: arm64: Allow setting device attr in stage-2 PTEs
fa3dec6e84ac7e697b2d615d6192449c5e9fd67a	2023-10-16	hyp-req	ANDROID: KVM: arm64: Raise HYP_REQ to topup vCPU memcache
575865e71664b96b1171c2104d508ba6d93683e6	2023-10-30	pvm-core	ANDROID: KVM: arm64: Fix KVM_HOST_S2_DEFAULT_MMIO_PTE encoding
f537b57b78ac95292e66ed83644d4979e0f36214	2023-11-03	smmu-v3	ANDROID: drivers/arm-smmu-v3-kvm: Modularize driver
de0471646e4f33d6cbcdbbed3f886d21bbe5a3e4	2023-11-07	hyp-alloc	ANDROID: KVM: arm64: Fixes for buddy allocator
fc06fb44e5fb1c824d5ab2d0b6816cb235e3855e	2023-11-07	modules	ANDROID: KVM: arm64: pkvm_module_ops documentation
9156436491d6aacff634fb1f34fc4d469e49f110	2023-11-08	device-assign	ANDROID: KVM: arm64: devices: Register assignable devices as moveable
bb895301813ddd46ae4ffa2330636bbcb6c9534b	2023-11-08	device-assign	ANDROID: KVM: arm64: devices: Register assignable devices at boot
2f08686a0ace79e8f6525d21a1f1a16cc4b9348e	2023-11-08	pviommu	ANDROID: KVM: arm64: iommu: Add kvm_get_iommu_id_by_of
add2b709c2b4fbf4d4b499c754916b3fb4addf69	2023-11-09	modules	ANDROID: KVM: arm64: Add pKVM module register_unmask_serror
273ad397f94545be856b2964a2d11456ffdb64a4	2023-11-10	device-assign	ANDROID: KVM: arm64: devices: Add request_mmio guest HVC
6b83b3c7cdc6b090d99ef54ca5351b5773c77227	2023-11-13	iommu-core	ANDROID: drivers/vfio: Add VFIO_PKVM_IOMMU
eca37e33991c8b8979cc27481a928a39eda4c01d	2023-11-13	iommu-core	ANDROID: KVM: arm64: devices: Check host ownership for IOMMU calls
29a3bc1bcd62b4a51eb4d3e2c47e589e7e4c696d	2023-11-16	pviommu	ANDROID: KVM: arm64: iommu: Add hyp_pool for guest pvIOMMU
2b0c1313767c9747b1f4f9cf936c574a37776b5f	2023-11-16	pviommu	ANDROID: KVM: arm64: iommu: Add memcache for guest pvIOMMU
01b0b076e2ba428ce25b00a63c8ec5187d1bd897	2023-11-16	pviommu	ANDROID: KVM: arm64: iommu: Add function to query device iommu info
dd8a1c79f7ad222a8cc7be0c673b41b738f0d93a	2023-11-16	device-assign	ANDROID: vfio: Add vfio_file_get_device
7db797ed3fbf012317b8f85503d745387563681f	2023-11-17	iommu-core	ANDROID: KVM: arm64: iommu: Add context for guest teardown
9c42e10ad13e39d17f457b6eae4b3a73c61c7b27	2023-11-21	pviommu	ANDROID: KVM: arm64: Add request_dma guest HVC
d00816cb70505af20c9641579dbbf36722c458b7	2023-11-21	pviommu	ANDROID: KVM: arm64: iommu: Teardown guest domains
09c523c58e9291ee121577d6e3043a0f981f42fe	2023-11-24	pviommu	ANDROID: drivers: iommu: pviommu: Add selftest
92431e11deaee6d67f7fc49815bbcf69fa3fc369	2023-11-24	pviommu	ANDROID: drivers: iommu: pviommu: Add pviommu_iova_to_phys
3b8b12d6cbcb2c508aeaee82d4f07895c04216d8	2023-11-29	pvm-core	ANDROID: KVM: arm64: Refactor nvhe Makefile
4ebaa25a9d9f79267998c6becbfa4209c7c03006	2023-12-07	modules	ANDROID: KVM: arm64: Expose hyp_put* helpers to pKVM modules
73274e6904c31295960d79c7cc6fcdb771b4ac1d	2023-12-08	pvm-core	ANDROID: KVM: arm64: Mark PAuth as a restricted feature for protected VMs
7d76e46fcb8a1f86ba21a36dd9fcf967c3a408fb	2023-12-12	lock-tlb	ANDROID: KVM: arm64: speacialize and move __activate_traps_hcrx out of __activate_traps_common
976501db3d17c72d95796437e008fe0ea3d90a2c	2023-12-12	pvm-core	ANDROID: KVM: arm64: move __deactivate_traps_hfgxtr out of __deactivate_traps_common
2800619625171f2e8ba7417463ff36ed65dede76	2023-12-12	pvm-core	ANDROID: KVM: arm64: move __activate_traps_hfgxtr out of __activate_traps_common
c7fef1fa3550c9db646415f756c89423966eeaf1	2023-12-14	lock-tlb	ANDROID: KVM: arm64: activate FGT trapping for pvms
bddf46c992803cfde6bccd53c0f349e0f86cd31f	2023-12-28	smc-handlers	ANDROID: misc: pkvm_smc: Add an allow list for SMCs
ee9121bc7172f0308d06290943f312a2d17e0295	2023-12-28	smc-handlers	ANDROID: misc: pkvm_smc: Add pKVM SMC filter driver
fffaeb4a8972cbe8f5be9522c8b06039c4711253	2024-01-24	tracing	ANDROID: KVM: arm64: Allow registration of pKVM module hyp events
ad080490a1cde8ff6a81abd04462e9b7113fd921	2024-02-07	modules	ANDROID: KVM: arm64: Optimise module_change_host_page_prot
80d16354b051f59abeda596808b4c3fb796c2fbb	2024-02-07	mem-opt	ANDROID: KVM: arm64: Prefault entries when splitting a block mapping
bf28c9ab3c22de9e43ed5c1f57b444b9ac27a1f4	2024-02-07	sve-sme	ANDROID: KVM: arm64: Track SVE state in the hypervisor vcpu structure
5df4150f8a6080750a62805c7ab5a11343b4a64e	2024-02-08	mem-opt	ANDROID: KVM: arm64: Skip prefaulting ptes which will be modified later
14df86cf19295eec5f4ad5455602b835860f0ff8	2024-02-10	iommu-core	ANDROID: KVM: arm64: Add hyp IOMMU requests
7b064b219b63eba0c03621fcdfd598b55925a43d	2024-02-15	host-stage2	ANDROID: KVM: arm64: Gather the stage-2 invalid-pte definitions
e73e739da9c5b0490cfd2a776e50affbfb49fd31	2024-02-19	sve-sme	ANDROID: KVM: arm64: Use hyp_alloc for pVMs SVE state
038b42ff9ec2bda6ca1000a7c90be45312bf971c	2024-02-19	hyp-alloc	ANDROID: KVM: arm64: Allow to read missing donations for pKVM heap alloc
bfd4740e5f059974aa50a69089c4aaec6e32c2c7	2024-02-20	hyp-req	ANDROID: KVM: arm64: Encode hyp requests in HVC return
d77513c843f94b59fe3691221e6a1cf22952e408	2024-02-22	modules	ANDROID: KVM: arm64: Add __pkvm_module_{memcpy,memset}()
49dcf5a2f45131fe51ba9e5b4755957a2846f85c	2024-02-26	hyp-alloc	ANDROID: KVM: arm64: Do not KERNEL_ACCOUNT hyp alloc memory
ce776af7269b518e4e6e45db9f635a96c2fa0b54	2024-02-26	hyp-alloc	ANDROID: KVM: arm64: Rename pKVM memcache to stage2_
6d55e30198d562d74023ae1ec8e93897eaf8863b	2024-02-27	hyp-alloc	ANDROID: KVM: arm64: Add {refill,reclaim}_hyp_pool
873a8524fd83303dc916ba2a59106b73a2708610	2024-02-29	mem-opt	ANDROID: KVM: arm64: Add a range to the guest share/unshare hypercalls
411eca49ef65c85bcdd66d33a18979233ab2782b	2024-02-29	pvm-core	ANDROID: KVM: arm64: Fix races when cheking hyp_vm->id_dying
04e54cf82f69ec2837107d06959688aeb93ce982	2024-03-06	tracing	ANDROID: KVM: arm64: Move nvhe trace related files into nvhe/trace/
0381838242c477386f278d2ef604dfc2bc9acdf3	2024-03-08	modules	ANDROID: KVM: arm64: Fix missing mask for custom hypercall handling
dedb05240e7232033322fa817d4b50218daee463	2024-03-18	pvm-core	ANDROID: KVM: arm64: Fix missing trace event for nVHE dyn HVCs
0d123d23030135d54b77168af307ab8916fc236a	2024-03-27	mem-opt	ANDROID: KVM: arm64: Add a range to __pkvm_host_donate_guest
a2888de512f0ca5688da5c027385d97ab8f13da4	2024-04-03	mem-opt	ANDROID: KVM: arm64: THP support for pKVM guests
a17da90c2d611ba5dab9116309254c63169099fc	2024-04-03	mem-opt	ANDROID: KVM: arm64: Huge page support for pKVM guest memory reclaim
ab0020bb1ae81e1fdd522fd07b9aad3b8a671701	2024-04-04	modules	ANDROID: KVM: arm64: wait_for_initramfs for pKVM module loading procfs
5a5eee831df05c76893559505b6ceb0d16d9eb73	2024-04-08	mem-opt	ANDROID: KVM: arm64: Always prefault entries when splitting a block
c794b2d98233c009e4eb6c0a422eda0f0fcdd70c	2024-04-08	tracing	ANDROID: KVM: arm64: Add psci_mem_protect hyp event
9815b007745b2ad2302efa31e71b5bffc824fc7a	2024-04-10	smc-handlers	ANDROID: misc: pkvm_smc: Add permissive option
50fc346894f696ea2df627584eec67a4d6d4c252	2024-04-10	smc-handlers	ANDROID: misc: pkvm_smc: Trace denied SMCs.
4686d50311f69d325666aae99329f8f4419b7e23	2024-04-10	host-stage2	ANDROID: KVM: arm64: Set address as invalid if __get_fault_info() fails
206a76207ba88255bce726c27939ada92bfc5c1d	2024-04-12	mem-opt	ANDROID: KVM: arm64: Fix prefaulting when breaking PUD blocks
b24ca4ed5249865e20de42af619207e8b7a45d77	2024-04-13	hyp-alloc	ANDROID: KVM: arm64: Restore memcache representation
fa152e5e848e4e9b3d0b08638c122aab4949f1ea	2024-04-15	modules	ANDROID: KVM: Allow 16 host_perm_fault handlers
82dbcb589842b1e0a213069d4d5f12210568304a	2024-04-17	sve-sme	ANDROID: KVM: arm64: Handle save/restore of fpsimd state in protected mode
1b68d0643e9081c1fe777e497a74823c46138229	2024-04-18	mem-opt	ANDROID: KVM: arm64: Eagerly coalesce host page tables
0c7de4cbe8398eda99e92906964a661c371738ed	2024-04-24	iommu-core	ANDROID: KVM: arm64: Don't always update IOMMUs
9775d93d567e9563c747cf9db830c3529c445fd5	2024-05-01	pvm-core	ANDROID: KVM: arm64: Fix missing KVM stats accounting
b0fdc7d4618b3265482fdec54dd4c073300d19ee	2024-05-08	pvmfw	ANDROID: KVM: arm64: Fix clearing pvm firmware on init failure
a16089d77f9d5a1b524bf8c725525fb3b89607de	2024-05-16	pvm-core	ANDROID: KVM: arm64: BUG on failure to drop host privileges
5ff3ff556029c31db78ed30db92418f0d7a9cf62	2024-05-31	modules	ANDROID: KVM: arm64: Enforce type check for pkvm_register_el2_call()
f2a6aa545df91b4a9bf4d790b1703a3f8ead26d6	2024-06-11	iommu-core	ANDROID: KVM: arm64: iommu: Add idmap trace point
8bbac42137926980916810d84f49b2f1e4b45f31	2024-06-22	pviommu	ANDROID: drivers/arm-smmu-v3-kvm: Add dev_block_dma
bf583f692b9a5952ad6eed7036dc744d3ddd169e	2024-06-22	iommu-core	ANDROID: KVM: arm64: devices: Block IOMMU before and after assignment
bba2b7c94c04a400c5dccc7c1e447fc8e08a848f	2024-07-02	iommu-core	ANDROID: KVM: arm64: iommu: Add owner to domains
b37cd8ae4d4109a73a28970c5e0a6dc75eb6fb52	2024-07-02	mem-opt	ANDROID: KVM: arm64: Add documentation for range-based guest HVCs
54e6af3ce0da4897f53dd0ca166ca92fab32852d	2024-07-05	modules	ANDROID: KVM: arm64: Allow to export pKVM module symbols
916e408f1268394f2089ffe45399dc19cca5c955	2024-07-08	modules	ANDROID: KVM: arm64: devices: Add reset handler for devices
7eea811e5de4384036ab1e877fea52225f53437c	2024-07-08	device-assign	ANDROID: KVM: arm64: devices: Teardown assigned devices
88608834ae84cbc281a48aa54fb5524eb9287cf2	2024-07-08	smc-handlers	ANDROID: KVM: arm64: Document ARM_SMCCC_KVM_FUNC_DEV_REQ_MMIO
80e8a5252d57f67c00b16377b47ff7357ccc744a	2024-07-08	pvm-core	ANDROID: KVM: arm64: Map MMIO in guest abort path
880e01a3a16cd58b9ffee0452f5b2f27def3183e	2024-07-09	tracing	ANDROID: KVM: arm64: Use ID for __hyp_printk hyp_event
149bf9d8a5ca22286ad62aed48ef54b4d1698a93	2024-07-09	pvm-core	ANDROID: KVM: arm64: Reduce host/hyp vcpu state copying
d050268236e6290bb7b3f2f22d6fa27e498a90fe	2024-07-10	pviommu	ANDROID: drivers: iommu: pviommu: Add domain_alloc/free functions
baa928e2706ba6facfc7121699c89cde25fe3ed9	2024-07-11	tracing	ANDROID: KVM: arm64: Allow trace_hyp_printk() in pKVM modules
37679a8f398eb8243b8487bc0385d443f236a182	2024-07-11	modules	ANDROID: KVM: arm64: Define MODULE for pKVM module
6c6fef2252a706c385d23aba6c814ef825623b8d	2024-07-12	ffa	ANDROID: KVM: arm64: Unmap host stage-2 memory on FF-A lend
50a3c41839174c33b0c5a1a66a4ec8e12b1166dc	2024-07-15	pvm-core	ANDROID: KVM: arm64: selectively save/restore sysregs for non-protected VMs
5adfda795a337a704b8b44fdcb69b9a5a5a0fb12	2024-07-16	pviommu	ANDROID: KVM: arm64: Document pvIOMMU guest HVCs
a7e8d1e6d90805d2e7cfb5dadcd1056873db5b1c	2024-07-22	pviommu	ANDROID: KVM: arm64: Add documentation for pvIOMMU UAPI
250e787d66442da0867bcd803fc1e678ef6d7e5a	2024-07-25	ffa	ANDROID: KVM: arm64: Handle guest FF-A share/lend/reclaim
deacaf65b6286fdd749d9630c03eb1d2e9d24411	2024-08-06	ffa	ANDROID: KVM: arm64: Paint the reclaimed PAs with IPAs for FFA_MEM_RECLAIM
81ef46600019507297775bf8a3ba3e364331a647	2024-08-06	ffa	ANDROID: KVM: arm64: Paint the guest IPAs with PAs for FF-A sharing
0537f32c1742f17f52578ea1660a0849a7ed3204	2024-08-12	tracing	ANDROID: KVM: arm64: Generic table handling for hyp_event
75b80a491fe6f493620b077b7144220b8a3d2b83	2024-08-16	ffa	ANDROID: KVM: arm64: Handle guest FF-A ID_GET call
aa9cf931047b09c0c00822eb75871cee601a204a	2024-08-27	modules	ANDROID: KVM: arm64: Fix hyp module base address in pkvm_el2_mod_va()
aa8ef6391655c8efafe6849fb39af76033754057	2024-08-27	pvm-core	ANDROID: KVM: arm64: Disallow kvm_pgtable_stage2_unmap on host S2
36fdf42532cd2f76cb3b2a1157a91ed7b1e73532	2024-09-09	pvm-core	ANDROID: KVM: arm64: initialize feature id registers in KVM for pkvm
313f2af3da0010d6a9b28ea9d739b8b7d178d372	2024-09-11	modules	ANDROID: KVM: arm64: Add missing icache sync before pKVM module loading
3f8f565eff225361c4cb48192b79f5a240e6d916	2024-09-12	sve-sme	ANDROID: KVM: arm64: Constrain the host to the maximum shared SVE VL with pKVM
0fe73f9c76da9563751c4a183540f516b50f43f5	2024-09-16	smc-handlers	ANDROID: KVM: arm64: Bump the version of supported smccc conduit to 1.2
92618233fb1d7680f2142e6c8998cede58945ec7	2024-09-24	modules	ANDROID: KVM: arm64: Automate pKVM module event registration
1d8bbd5a4b7a4fc3132158b66a0790ceed9754b7	2024-09-24	modules	ANDROID: KVM: arm64: Pass pkvm_el2_module struct to hypervisor
f1a2590e4b83f27b50cfe8e9c8dfdf53c1f34b86	2024-09-27	ffa	ANDROID: KVM: On guest exit ask Trustzone to relinquish the borrowed pages
1e69ff05d6e66345b2a4b9f16c623c4e2aec07f5	2024-09-30	ffa	ANDROID: KVM: Send VM availability FF-A direct messages to Trustzone
25d723b79f4ceabeef181229cd99fe1e17667fe1	2024-09-30	ffa	ANDROID: KVM: arm64: Handle guest FF-A partition info get
3045e935d1796bda049387e2014ae8a092368b65	2024-10-01	device-assign	ANDROID: KVM: arm64: Donate device MMIO before assignment
c80475c997312e30e2f9859464893d220a2034e9	2024-10-01	device-assign	ANDROID: KVM: arm64: Add HVC to donate assignable MMIO
318d3213ebb774d2cf3b0a13212d60a3822f8312	2024-10-01	device-assign	ANDROID: KVM: Add arch function for device assignment
b60b47931888e0fc8434708147c0015d9ec24d6f	2024-10-01	tracing	ANDROID: KVM: arm64: Add ftrace to kselftest for hyp tracefs
9a9bb98bcc96c3a759eaa1a7576b269ce0d80d7f	2024-10-01	tracing	ANDROID: KVM: arm64: Add Ftrace to pKVM modules
3c5cdc141d9a08ea68889c11471b9a423bd4e059	2024-10-01	tracing	ANDROID: KVM: arm64: Carveout in pKVM module text for Ftrace tramp
86d6057af0d6fa9c338515932f33360bd901e911	2024-10-01	modules	ANDROID: KVM: arm64: Add EL2 ELF for patchable_function_entries to pKVM modules
a6d55095f0b273b1b941b6c404a8d1215afe62e8	2024-10-01	tracing	ANDROID: KVM: arm64: Add set_ftrace_filter for pKVM hyp
d0173a6d8db0d9e0b43d67eed7c39a734dd8e47d	2024-10-01	tracing	ANDROID: KVM: arm64: HVCs to filter Ftrace for pKVM hyp
2c9743dc34b97d52cc7cca8f23ac82d30dd2aebe	2024-10-01	tracing	ANDROID: KVM: arm64: Add func/func_ret pKVM hyp events
b6cfb8f6af07e58621981b3edb882cab2564828d	2024-10-01	tracing	ANDROID: KVM: arm64: Add Ftrace patching for pKVM hyp
945ece5e4e2905827f5f47fdc8db20729d4545af	2024-10-01	tracing	ANDROID: KVM: arm64: Add Ftrace trampolines for pKVM hyp
186c012ef538abec877d76c7ccdbca292f3ff8b7	2024-10-01	tracing	ANDROID: KVM: arm64: Nop padding for ftrace support in the pKVM hyp
ff9ce577cac99592f4eeaeaba1f6d64e8fb896d0	2024-10-01	pvm-core	ANDROID: KVM: arm64: Provide caches_clean_inval_pou_macro at EL2
3fa4ae0fc31c983e9494c5190e6273fc31757c2e	2024-10-01	tracing	ANDROID: KVM: arm64: Fix hyp events ELF section order
5951f47c4644491ef64b812a864bbee517b5d829	2024-10-02	tracing	ANDROID: KVM: arm64: Allow enabling pKVM modules hyp event at boot
213450b0f0a688a0cd5113dc7a9e5aebf4ca395a	2024-10-04	pviommu	ANDROID: iommu/pkvm-iommu: Support devices in the same iommu group
710229fe2925487a7c02bb6b230401d9a5216404	2024-10-14	device-assign	ANDROID: KVM: arm64: Add __pkvm_host_map_guest_mmio()
ea52dfa75b60b0e28dd662163174eff0fd363b69	2024-10-14	mem-opt	ANDROID: KVM: arm64: Add __pkvm_hyp_donate_guest()
0780007464a2417acecf4fb59315919ff926dbd9	2024-10-14	device-assign	ANDROID: KVM: arm64: Add HVC to reclaim assignable MMIO
d76964851f8a9b1937db6d6f875d94c1e70cfcab	2024-10-17	ffa	ANDROID: KVM: arm64: Handle guest FF-A map call
e5c2917becaf4ec24f36ce697e882f2aa1a92099	2024-10-18	pvm-core	ANDROID: KVM: arm64: Remove MP state tracking from EL2
aecb97b6259c7f3d6d8c58afac1da27332999f31	2024-10-18	pvm-core	ANDROID: KVM: arm64: Don't run a protected VCPU if it isn't runnable
d9158b3d59efc5e375e022e5a42180149829d516	2024-10-22	pvmfw	ANDROID: KVM: arm64: Comment on unmap PVM firmware from host stage-2 during de-privilege
52e2090050b976c35ded757991fb2c79cec48e0c	2024-11-07	ffa	ANDROID: KVM: arm64: Introduce KVM_CAP_ARM_PROTECTED_VM_FLAGS_SET_FFA uapi
ef258f7626c5bf98a8fc0878ec91053560b16034	2024-11-08	pvm-core	ANDROID: KVM: arm64: Fix KVM_PTE_LEAF_ATTR_LO for LPA2
9ca986fe53804fb760fbaef7bcc3ebdd44a1984c	2024-11-11	lock-tlb	ANDROID: KVM: arm64: Initialize HCRX_EL2 traps in pKVM
a26828ca672092568f6c307e0fbb2d87b2e49667	2024-11-12	pvm-core	ANDROID: KVM: arm64: Enable MOPS for protected VMs
aacbeda66d770b499b6abdeadf503277718d628c	2024-11-15	hyp-alloc	ANDROID: KVM: Do not memset hyp_page from reclaim_hyp_pool()
bac7ff505ad95592c12b72ded18599e3e50b8495	2024-12-05	ffa	ANDROID: KVM: Support FF-A handling for pVMs using the hvc conduit
e94acb86236b5fbcb2cf2d656de19a19583fb509	2024-12-06	modules	ANDROID: KVM: arm64: Rework pKVM module fault handler
767264e7ab71f84d0ba87702c99038ffc15bd210	2024-12-09	mmioguard	ANDROID: KVM: arm64: Ignore MMIO guard unmap HVCs
9934e83cd22d6f2aeaeccb2a59ad70c8482ab0d9	2024-12-10	pvm-core	ANDROID: KVM: arm64: Add protected VM ptdump support
3263912402fb8ec761b7125ac581ebb1a5c43bf6	2024-12-11	host-stage2	ANDROID: KVM: arm64: Add host stage-2 ptdump support
bc5835049e9af4d59b08016907f64214127b2394	2024-12-12	pviommu	ANDROID: iommu/arm-smmu-v3-kvm: Support command queue batching
b028ea48ead467298ad6dfac0dd11f92ce9db941	2024-12-12	pviommu	ANDROID: iommu/arm-smmu-v3-kvm-pv: Implement sg operations
2398ae3eff9182d8e1686a0773bdd7fbc304c44b	2024-12-12	iommu-core	ANDROID: KVM: arm64: iommu: Add hypercall for map_sg
d3132f6af871f5086fc3e2134a6d5a909d369c74	2024-12-12	iommu-core	ANDROID: drivers/iommu: Add deferred map_sg operations
9979167e4c1b1f317d1405b7f7fbf9393f6cedde	2024-12-12	iommu-core	ANDROID: KVM: arm64: iommu: support iommu_iotlb_gather
d2ae2e3c4b784098559ca0d1efffec53fbb4a9db	2024-12-12	iommu-core	ANDROID: KVM: arm64: iommu: Add map/unmap() operations
17c105329728288a3e281d112f0364e913354d66	2024-12-12	iommu-core	ANDROID: KVM: arm64: iommu: Add domains
80e038855e4e3185fd84dc9aaf85c4be321e0fe7	2024-12-12	iommu-core	ANDROID: KVM: arm64: iommu: Add a memory pool for the IOMMU
f79cfc0c5f8e8d607ab5aa0c9990d034478421ce	2024-12-12	host-stage2	ANDROID: KVM: arm64: Add __pkvm_{use, unuse}_dma()
2eccfea0b1b65f9f1218267c4472fe1e4f753425	2024-12-12	iommu-core	ANDROID: KVM: arm64: pkvm: Add IOMMU hypercalls
fcb7665729662725eb7bd106de8c0dead3d7795c	2024-12-12	smc-handlers	ANDROID: KVM: arm64: Add macro for SMCCC call with all returns
86c5ffd89488c6dda9b3e42beadf1fed9bb9ec67	2024-12-12	hyp-alloc	ANDROID: KVM: arm64: Add function to topup generic allocator
5531ac4ac7d5b97962ff2d1d5403cd7c4a45c0f1	2024-12-12	mem-opt	ANDROID: KVM: Add guest support for range-based hypercalls
5171481cc9117a493dbcb12e38e074d512f1bea8	2024-12-12	pvm-core	ANDROID: KVM: arm64: Mark vcpu as invalid on unhandleable trap
f2c62fed188a1a73889de7158359e6eb75455280	2024-12-12	sve-sme	ANDROID: KVM: arm64: Do not clear the SVE feature bit on failure
2f9459dae7404d9ea5bb29dbf3e122bdabb9f701	2024-12-18	ffa	ANDROID: KVM: arm64: Support direct messages for protected guests
86912b2d682e35623b8d2c573230d5e477c1b94e	2024-12-18	guest-side	ANDROID: KVM: arm64: Allow the pVM guest to boot with different granule
1599fce29f6fb341045f2c74f78ca29ccdf89c5b	2024-12-24	tracing	ANDROID: KVM: arm64: Fix pKVM modules stacktrace in init
5b9ea5c3f0fdaa4941468b003b38230221d363a3	2025-01-08	mmioguard	ANDROID: KVM: arm64: Add a range to the guest MMIO guard hypercalls
e4bd25070e5636484021df6adaed677bc77eb0b6	2025-01-14	modules	ANDROID: KVM: arm64: Allow 16 host_smc handlers
9f5f69d95b85aab782083a44f0a6199d189c31e1	2025-01-21	iommu-core	ANDROID: KVM: arm64: Introduce kvm_iommu_ops host_stage2_idmap_complete
46845b53706152ec88e483e28a91d4053ce83885	2025-01-21	mem-opt	ANDROID: KVM: arm64: Introduce kvm-arm.protected_prefault parameter
6c983053933a87fe58befea8d90dae284a990158	2025-01-21	mem-opt	ANDROID: KVM: arm64: Use host_donate_guest sglist version
cb8686a81ecb169799446d7e7a330365b378ea8f	2025-01-21	mem-opt	ANDROID: KVM: arm64: Introduce __pkvm_host_donate_guest_sglist
bbb9f515c808e119b3ddf554578cfca652bc940f	2025-01-21	guest-side	ANDROID: ARM64: virtio_balloon: Disable balloon with warning if granule too large
274de12406d00d56c992578a89e8707a92107881	2025-01-23	tracing	ANDROID: KVM: arm64: Fix div type in hyp_trace clock
0c5e748082636ce3ff487480cea05e6a4cfc4893	2025-01-24	tracing	ANDROID: KVM: arm64: Add PKVM_DUMP_TRACE_ON_PANIC
ed6bdd3183d40e18398ed89ddff965883b9c87d1	2025-01-24	modules	ANDROID: KVM: arm64: Refine pKVM module kmemleak scanned areas
f6e9b91ed7e0b42e9233c4a6daf7caa0cfd73507	2025-01-27	device-assign	ANDROID: KVM: arm64: Mandate IO guard for guest physical MMIO
306f98a46144ca47a407a66ef9bffe445daa48c2	2025-01-28	psci-memprotect	ANDROID: KVM: arm64: mem range overflow checks for pKVM mem_protect
f6fe739bf723952224a1b51e09df7c66ac261585	2025-01-28	mmioguard	ANDROID: KVM: arm64: Fix MMIO guard alignment for guests
ed969e3050d4cf2cb4c9fbd53c86390ab589343f	2025-01-29	ffa	ANDROID: KVM: arm64: Support pVM memory sharing with Trustzone(FF-A)
87bf3961b3236cfbef4c329320e5c61ac34bfbde	2025-01-30	hyp-alloc	ANDROID: SQUASH: ANDROID: KVM: arm64: Fix hyp_pool::free_pages
7704ed74b535c28ba893614d27a7f2bd0bc8ac32	2025-01-30	host-stage2	ANDROID: KVM: arm64: Configure size of pKVM linear map on the cmdline
7b2802c54abf57dff0073e2b6383ae480906c34a	2025-01-31	host-stage2	ANDROID: KVM: arm64: Handle hyp s1 allocation failures gracefully
2e0c7abb47cdf4abf7377d24f9b013b9e825ff5f	2025-02-03	iommu-core	ANDROID: KVM: arm64: iommu: Make allocation guest aware
d7967154909bcf979e9eb136b29a037ed33a07dd	2025-02-03	mem-opt	ANDROID: KVM: arm64: Fix prefaulting when breaking PMD blocks
d60b484c063b00c842f62ac41f0ab2facf46b5b6	2025-02-04	pvm-core	ANDROID: arm64: head.S: Do not trap access to MPAMSM_EL1
aea02c555956ff16123d0ecc30b5b9b2af6b4efd	2025-02-11	tracing	ANDROID: KVM: arm64: Fix reset for hyp tracefs
3d628db52f6e1ac0a33f53b44742e92b3ca0ef64	2025-02-11	pvm-core	ANDROID: KVM: arm64: Only re-paint "warm reset" SYSTEM_RESET2 PSCI calls
04f4fc59ae22fdee1cb8f6d81c53de362c6e4710	2025-02-14	hyp-alloc	ANDROID: KVM: arm64: Check for host provided order in refill_hyp_pool()
faf6cdaff46d51a52fa7e033e9976e8572133eed	2025-02-17	tracing	ANDROID: KVM: arm64: PROTECTED_NVHE_TESTING to PKVM_SELFTESTS
076f684805ff4eb5f8768e5da11f45b5bf0b9d51	2025-02-17	pvm-core	ANDROID: KVM: arm64: Ensure vCPU is initialised before publication
8765527b3df18016f8f3e75f16cab594c64a78ab	2025-02-18	pvm-core	ANDROID: KVM: arm64: add CONFIG_KVM guard
62c0dcbb2efe7b893c323e2552bda4db88aa592d	2025-02-21	pvm-core	ANDROID: KVM: arm64: NVHE_EL2_DEBUG to PKVM_DEBUG menuconfig
4902f5a8269a04e2674c05157e12a6be5e84ad27	2025-02-21	tracing	ANDROID: KVM: arm64: PROTECTED_NVHE_FTRACE to PKVM_FTRACE
8d88e5676fa9ee0f1f69e9149d876c6af7fe127b	2025-02-21	tracing	ANDROID: KVM: arm64: PROTECTED_NVHE_STACKTRACE to PKVM_STACKTRACE
c48b28edb6493e17a397d82695726e51480d93df	2025-02-21	pvm-core	ANDROID: KVM: arm64: Add PKVM_DISABLE_STAGE2_ON_PANIC
877616c68f1afce9af188b8fb9d35f8feaae2483	2025-02-21	host-stage2	ANDROID: KVM: arm64: Add PKVM_STRICT_CHECKS
6ae5a22d2693b291bc4330f76bb80b7ffda497b3	2025-03-05	pvmfw	ANDROID: KVM: arm64: Fix loading pvmfw into a protected VM
ba216d96898b693d19e56a269644685ebc54b2fa	2025-03-07	device-assign	ANDROID: KVM: arm64: Generalize guest PA query
b3ecc76abe69faf8561c2b8deca8042306e0f3f8	2025-03-11	mem-relinquish	ANDROID: virtio_balloon: Replace generic mem_relinquish api with a driver-specific alternative
f8478d5b9e733c1a05a1d0998755efdf8fc6f96f	2025-03-13	mem-relinquish	ANDROID: KVM: arm64: Prevent relinquish for p-guest huge-mappings
3acb0b7a8b7944467f791916b69dc34f6358c3d6	2025-03-17	pvm-core	ANDROID: KVM: arm64: Handle pVM stage-2 page-tables at EL2
2eef07c865390c40ed5822437dc3a4cb2cd29f03	2025-03-17	host-stage2	ANDROID: KVM: arm64: Introduce helpers for guest-to-host sharing
f972533f50485798b762d273ee69c621f7592784	2025-03-17	pvm-core	ANDROID: KVM: arm64: Introduce hypercalls to reclaim guest memory
b55e2390a0331f5de0a57cf61c93371a79ca9215	2025-03-17	pvm-core	ANDROID: KVM: arm64: Introduce hypercall for host-to-guest donations
99275f7403dd49181f77fa9cfbd9ba5eb1ab46f9	2025-04-02	pvm-core	ANDROID: KVM: arm64: Check supported VCPU features for protected VMs
402fa97a8a26c4d01bbfe1c8c2b1d422bed60d54	2025-04-02	pvm-core	ANDROID: KVM: arm64: Mark KVM_CAP_ONE_REG as supported for protected VMs
8140088acbb5ff41f3d0a1b0bd61649fd58a5a3f	2025-04-09	smc-handlers	ANDROID: virtio_balloon: sysfs-configurable option bail_on_out_of_puff
142bb8e1ba379e74f2e5867bcd81dc3c4c7af2f6	2025-04-10	ffa	ANDROID: KVM: Send FFA_RX_RELEASE with the hyp buffers lock held
11c6eafe53a832b3ea468c1befbc8b9d6e53561d	2025-04-11	pvmfw	ANDROID: KVM: arm64: Unset pvmfw_{addr,size} when clearing
427be10d555600610b1bf11f7394451f29121558	2025-04-24	modules	ANDROID: KVM: arm64: Exposes fixblock_map to pKVM modules
c77feb1bbd2109afe948866178762db2317e1213	2025-04-26	ffa	ANDROID: KVM: arm64: Don't use a smaller FF-A version than the hyp
db5742ea6b27987259f2d58e8057f9052d007c1f	2025-05-01	sve-sme	ANDROID: KVM: arm64: Eagerly restore host ZCR_EL2 after vcpu run in pKVM
65d2d41b5a1b274aaf465f61516e712e20dd6bcb	2025-05-02	iommu-core	ANDROID: KVM: arm64: iommu: Add hypercalls for managing nested domains
9eb2d8bebe3ab7de39147f1041332466491e6686	2025-05-02	ffa	ANDROID: KVM: arm64: Add SMCCC 1.2 calls to hyp events
7fe7dc11059c4d48346bd013ca56bfd0b7d20b3f	2025-05-02	ffa	ANDROID: KVM: arm64: Support FFA_MSG_SEND_DIRECT_REQ2 in guest handler
b6fca4d64b1f2f9af01188b0a0a04389fc18f61e	2025-05-08	modules	ANDROID: KVM: arm64: Add __pkvm_host_donate_sglist_hyp
297556a6c893dad4b1909d2aaa8d44b9ae05fd62	2025-05-08	modules	ANDROID: KVM: arm64: Redirect modprobe to /dev/kmsg
31943817bb3d6dec17c7afa09567a3aa61337072	2025-05-09	mem-relinquish	ANDROID: KVM: arm64: Fix relinquish filtering
2bd146280d4767d9dc8442095931b526534bff2a	2025-05-12	modules	ANDROID: KVM: arm64: Add smc64 trap handling for protected guests
1e379a52de4c45b306efa7e4a7d803dfac19d556	2025-05-14	pvm-core	ANDROID: KVM: arm64: Drop struct pkvm_mapping from KMI
675bae19d26a73a53743171a94c40360f10d2e88	2025-05-15	tracing	ANDROID: KVM: Fix func filter HVC for pKVM Ftrace
b5dd82557fa2b0d4b2b6db6cd76f174dafeca0f1	2025-05-21	modules	ANDROID: KVM: arm64: allow nvhe/trace.h for in-tree/DDK pKVM modules
0602f8a98eccff91fdce3dea2dcb87b3b693bf10	2025-05-22	pvm-core	ANDROID: KVM: arm64: Disallow #include trace.h for pKVM.
6c8737b858809dba56d91e0932168f670a720cd7	2025-05-22	tracing	ANDROID: KVM: arm64: Move pKVM module for headers to its own dir.
3135636bd080a462d620f5ae812ee0a8f27df5ca	2025-05-22	mem-opt	ANDROID: KVM: arm64: Allow relinqush for p-guest with huge-mappings
698d3a45f6133eabbc248ee804be3f68a69dc685	2025-05-22	hyp-req	ANDROID: KVM: arm64: Add hyp request SPLIT
809e13b752dda504fae4a9288c23c3ccfa95d0c2	2025-05-22	mem-opt	ANDROID: KVM: arm64: Add host_split_guest for pKVM
8c7b9be1662c3b316b7885f765631e1c218afee5	2025-05-23	pvm-core	ANDROID: KVM: arm64: IWYU for hyp-constants.c.
3e9237d85b82597a0cce8f7f3f006d0cb351fbee	2025-06-04	ffa	ANDROID: KVM: arm64: Use the correct handle during ff-a transfer
9446bfefed97e6c711b54bc321e702e0cef62486	2025-06-13	pvm-core	ANDROID: KVM: Don't release the VM memory after it is given to the hyp
309f74558b5413c5884c33803f3499aac3b17118	2025-06-17	smmu-v3	ANDROID: iommu/arm-smmu-v3: Move IOMMU registration to arm-smmu-v3-common.c
0921d75cf4c03d80abe168ff314331683b276a51	2025-06-18	ffa	ANDROID: KVM: arm64: Use SMCCC 1.2 to notify vm availability
30c1c58d39cf2c4c3eb1aa8634ff4329d02d42e9	2025-06-23	pvmfw	ANDROID: KVM: arm64: Always unmap the pvmfw region at stage-2
1b80df4f03f184c448476d253570f568f04f5035	2025-06-24	modules	ANDROID: KVM: arm64: Add TRNG handling for protected guests
e599bdf4ab20344a7ff43e1611d558a593d9a1f3	2025-06-27	pvm-core	ANDROID: KVM: arm64: Fix Trace Buffer trap polarity for protected VMs
982266a9f6c2b22df86e34f965112f42821a90b3	2025-07-01	tracing	ANDROID: KVM: arm64: use hyp_trace_raw_fops for trace_pipe_raw
e6370760c64b50b35e0a34afc3ad4b498b27d2f3	2025-07-02	pvm-core	ANDROID: KVM: arm64: Make vcpu_{read,write}_sys_reg available to HYP code
593a9d868cef46f1bfba25b96a3d3d4af1d6a9f0	2025-07-03	host-stage2	ANDROID: KVM: arm64: Make hyp_poison_page() available as helper
b8d596987ccb45047513e95f66a9d534dc07d469	2025-07-09	smmu-v3	ANDROID: iommu/arm-smmu-v3: Split irq handlers
7681c1e59bc0da6ef30f2a8f0d51c9278afb1567	2025-07-09	device-assign	ANDROID: KVM: arm64: Support power domains
874cc083d4961929b34f5109d921ef121e0b18ff	2025-07-09	mem-relinquish	ANDROID: KVM: arm64: Implement MEM_RELINQUISH SMCCC hypercall
daa8ce8c7259215a96a1b659a98a95ba5cb333eb	2025-07-14	iommu-core	ANDROID: KVM: arm64: iommu: Add new ops iotlb_sync_map()
1c341d343ea7ee06483082da2728c71f5dd8157c	2025-07-14	pvm-core	ANDROID: KVM: arm64: Allow APA3 for protected VMs
12e0abaf3d496855980b739c358719f1cbbdcb8d	2025-07-14	sve-sme	ANDROID: KVM: arm64: Enable SVE for protected guests
dfef78d2fa3f1eed0420bdeddf46fe676084a4c0	2025-07-18	tracing	ANDROID: KVM: arm64: allow trace file to be open for read
30d85faba945c18d2c36a918dd09d8a7f44b9401	2025-07-18	tracing	ANDROID: KVM: arm64: make per-cpu trace file read-write
e627c8400b7a5c4b6d63e7070755b93496ce37d5	2025-07-18	tracing	ANDROID: KVM: arm64: use ring_buffer_page_data in hyp_trace_raw_read
6384f9675a312990ad1280d4a318d840a49b581b	2025-07-18	pvm-core	ANDROID: KVM: arm64: Consolidate teardown_mc and stage2_teardown_mc
76b15065d7de84526e5515e4887cd50ed9c4902e	2025-07-21	mem-opt	ANDROID: KVM: arm64: Introduce range-based guest faults
060093e4473b2f5fbc1eaa4cc052c14a71ccbb76	2025-07-21	mem-opt	ANDROID: KVM: arm64: Resurrect struct kvm_pinned_page
1ada2a39fa1e5ef81c282173a0475ed182cc24ae	2025-07-23	pvmfw	ANDROID: KVM: arm64: Don't copy pvmfw pages more than once
7896b3388c827f79131adcbefb5d4981083573ac	2025-07-24	host-stage2	ANDROID: KVM: arm64: Allow donation to hyp with prot
ebdbf7c23c4ad37092e7a727216e643e027e6232	2025-07-27	iommu-core	ANDROID: KVM: arm64: Add extra IOMMU idmap callbacks
4ecc50ffdc4403c3b9113179ac51a6bfbda95ff5	2025-07-28	iommu-core	ANDROID: KVM: arm64: iommu: Add {attach, detach}_dev to domains
7aa9ef5bba7c03542501e66e06828839bc6ff5d9	2025-07-28	smmu-v3	ANDROID: KVM: arm64: iommu: Rename memory pool
5a224663b147a68a97d3db83052ad51669835a91	2025-07-28	mem-relinquish	ANDROID: KVM: arm64: poison/account relinquished pages after unmap
8f8dd60f79d6fd9af52d4727bb1cf6053cf4775b	2025-07-31	iommu-core	ANDROID: KVM: arm64: iommu: Add wrappers for HVCs
6f09a35c509e581284fb35499c704a78a4612674	2025-08-06	iommu-core	ANDROID: iommu: Add vendor data for custom iommu fault handler
75195491b5bfba5c159a373630a9a2666caeab85	2025-08-08	ffa	ANDROID: KVM: Verify the constituents offset in the guest FF-A
bef12fbf273efee6e35788a072a5ad9faff0f994	2025-08-26	mem-relinquish	ANDROID: KVM: arm64: Don't relinquish MMIO
3e391f5f7995b3866899c7e424fc977867921afd	2025-08-26	host-stage2	ANDROID: KVM: Prevent memory sharing outside of the RAM regions
9d654267eeb71b9527b2010cca76e42be8953ce6	2025-08-26	host-stage2	ANDROID: KVM: arm64: Add size argument to hyp_poison_page
a164c5cf9e7d69d416da66849c474bdd551d7dac	2025-08-28	hyp-alloc	ANDROID: KVM: Fix ToCToU issue when admitting pages in memcache
38fed882387cb8bb6a47140bdf7f1cd292e0e946	2025-09-04	tracing	ANDROID: KVM: arm64: Fix CPU type when reading trace_pdesc
d972a66a876e4d6aa7bb0e82a5e1693de6f1a4c4	2025-09-05	pvm-core	ANDROID: KVM: arm64: Share feature checking logic with nVHE
af577c0228a1cda8ebd9623da3b2b5ec604f6835	2025-09-05	pvm-core	ANDROID: KVM: arm64: Fix MTE flag initialization for protected VMs
4710322b9dfc8dc3541fd3fd9a82154b009072c1	2025-09-10	hyp-alloc	ANDROID: KVM: Fix error path of allocator topup
772571026fe9c4f1693bf855d269e7b00c449b29	2025-09-11	mem-opt	ANDROID: KVM: arm64: Store pfn in struct pkvm_pinned_page
d13aeb1e2b88b7c974c4f414b309a1cf433d7c19	2025-09-12	psci-memprotect	ANDROID: KVM: arm64: size overflow checks for mem_protect HVCs
e5ae466c50d24def5a92193fb1575f110246bc7c	2025-09-16	pvm-core	ANDROID: KVM: arm64: Check PGD alignment when creating a pVM
47531955a826c098b8ace6ca026861abb3fac522	2025-09-18	mem-opt	ANDROID: KVM: arm64: Accept DMA-BUF mappings to back pVMs
8d544cf8385cc4963fe13504600714b7728e0aad	2025-09-18	kvm-generic	ANDROID: KVM: Allow retreiving the backing file of PFNMAP mappings
870db61e2e3079af9b855c76dc11e362badc7003	2025-09-18	host-stage2	ANDROID: KVM: arm64: Support MMIO host/hyp donation
56b6eb1871c9cecb2684e0be56066cd4322dae74	2025-09-19	pvm-core	ANDROID: KVM: arm64: trust host for non-protected ID registers
531dfb0667f6443b1828fd729a83a454a6ab0dcb	2025-09-22	ffa	ANDROID: KVM: arm64: Reland split the host ffa handle store
5d386cb615519ce094002977d094fbd8ead72a68	2025-09-23	ffa	ANDROID: KVM: arm64: Prevent the host from reclaiming guest FF-A memory
c85d491a44217b51b507c3159c3a781c673ea43a	2025-09-30	smmu-v3	ANDROID: KVM: arm64: Add module ops needed by KVM SMMUv3
3aec3ac4e695a90323abdb484ce0f60f47ec710d	2025-09-30	smmu-v3	ANDROID: KVM: arm64: iommu: Add driver init
98134c27f6c127e425f3e17e99418c351ebb1729	2025-10-06	ffa	ANDROID: KVM: arm64: Handle -ENOENT as a retry in the guest FF-A proxy code
1684eab95e68d50358b4d6b79d7a534f94205900	2025-10-07	host-stage2	ANDROID: KVM: arm64: Update the page state in the vmemmap on guest_un|share_hyp
89be5db9fa3294c6faf8d3a73f712d328a4692d0	2025-10-07	pvmfw	ANDROID: KVM: arm64: Allow pvmfw loading in the middle of a region
54a8e7e137b0d5d803c54d1ede42787430ac5020	2025-10-08	modules	ANDROID: KVM: arm64: Fix pKVM module symbols import
8ada2f57856d06bc3025585c712d2ef82204fa44	2025-10-09	modules	ANDROID: KVM: arm64: Expose unmap_module_page to modules
520c7dfa91bf36ebd40af7217acd810b77d444cf	2025-10-09	ffa	ANDROID: KVM: arm64: Retry guest ff-a sharing with the faulted pages
e4860bc10fdc0bf9099b39c6525546ad2044f788	2025-10-10	pvm-core	ANDROID: KVM: arm64: Allow run-time memslot changes
da20b6e56142df23097324f9fa4e9c8951833199	2025-10-10	ffa	ANDROID: KVM: arm64: Fix return code for guest FF-A version
9c76acf337f187e73519e1926c361a443ffd4ecf	2025-10-10	hypmem-hypexport	ANDROID: KVM: arm64: Fix kvm_hyp_memcache::mapping leak
98a036e4f4c5b9886c31f4f8433ab4914f4f050c	2025-10-13	smmu-v3	ANDROID: iommu/arm-smmu-v3-kvm-pv: Support stage-1 in io-pgtable-arm-hyp
bfb5d5714f312e25a0ae6b9d230cde8cd09ff8a0	2025-10-13	pviommu	ANDROID: iommu/arm-smmu-v3-kvm-pv: Reset the device
2e32209bef350cf538d4cd46f6f9ff5f591d105b	2025-10-13	pviommu	ANDROID: iommu/arm-smmu-v3-kvm-pv: Setup event queue
cc228147f7113b64acacec641161b05df6c295a9	2025-10-13	pviommu	ANDROID: iommu/arm-smmu-v3-kvm-pv: Setup stream table
7d35e605694ef825da135d59994ead442762cc9a	2025-10-13	pviommu	ANDROID: iommu/arm-smmu-v3-kvm-pv: Setup command queue
1cc67801fe84f57a8dafda910c7d0474f74261d5	2025-10-13	pviommu	ANDROID: iommu/arm-smmu-v3-kvm-pv: Initialize registers
99bbb9a6c52c701426a90b6afc55fd3f2403414b	2025-10-13	pviommu	ANDROID: iommu/arm-smmu-v3-kvm-pv: Introduce pKVM SMMUv3 PV driver
838436a0ee49d198c6c6bec629d70107280801d9	2025-10-14	pviommu	ANDROID: iommu/arm-smmu-v3-kvm-pv: Add IOMMU ops
c50408b5cba033e7c2a6998bbae058d0f04d5a71	2025-10-14	pviommu	ANDROID: iommu/arm-smmu-v3-kvm-pv: Allocate structures and reset device
6cf14d2d825aaa530b12fb4a2f822dbfe5af6555	2025-10-14	pviommu	ANDROID: iommu/arm-smmu-v3-kvm-pv: Pass a list of SMMU devices to the hypervisor
4edfdc18d1da6fb9a95c451c66af2d7ecde734f0	2025-10-14	pviommu	ANDROID: iommu/arm-smmu-v3-kvm-pv: Add host driver for pKVM
991aae10db38e7bc58d537c720fa5697543e41cb	2025-10-14	pviommu	ANDROID: iommu/arm-smmu-v3-kvm-pv: Add DABT handler
e1cda19e36ecd7d7bc8b25043a0deaca8ded27cc	2025-10-14	pviommu	ANDROID: iommu/arm-smmu-v3-kvm-pv: Add map/unmap pages and iova_to_phys
d9525c87f02f9c354727368b786c83bab459e32c	2025-10-14	pviommu	ANDROID: iommu/arm-smmu-v3-kvm-pv: Add detach_dev
501fdeb67c35d68e5bd79d003f75c9d6326caf30	2025-10-14	pviommu	ANDROID: iommu/arm-smmu-v3-kvm-pv: Add context descriptor functions
04798bbe08838e4060328c039fa65a311b6adf12	2025-10-14	pviommu	ANDROID: iommu/arm-smmu-v3-kvm-pv: Add TLB ops
998aca7ae1b77733c5ba153ce4674533273121ff	2025-10-14	pviommu	ANDROID: iommu/arm-smmu-v3-kvm-pv: Add {alloc/free}_domain
e2a960742c0b5e8483c921e6e9e17c6f214c4afa	2025-10-15	pviommu	ANDROID: iommu/arm-smmu-v3-kvm-pv: Enable runtime PM
9d6ec5cb54c090e9b0afef7a845e5ca43bd79d6f	2025-10-15	pviommu	ANDROID: iommu/arm-smmu-v3-kvm-pv: Probe power domains
a45ad0b45511f4be6c539d2ef4ad19d5e3d178c3	2025-10-15	pviommu	ANDROID: iommu/arm-smmu-v3-kvm-pv: Support power management
7eb827c4f6293423171c0b5fd95c4a31702d0f3b	2025-10-15	pviommu	ANDROID: iommu/arm-smmu-v3-kvm-pv: Handle IRQs and events
fc576e855b4953e3a1b7416344ed08a09e4e50c1	2025-10-15	pviommu	ANDROID: iommu/arm-smmu-v3-kvm-pv: Add map, unmap and iova_to_phys
a7abae1a1d29cddbe12f40bf0982f00ac4d2b77f	2025-10-15	pviommu	ANDROID: iommu/arm-smmu-v3-kvm-pv: Add attach/detach_dev
9e203b3616e93c47934bd14029cd07cc16b348c9	2025-10-15	pviommu	ANDROID: iommu/arm-smmu-v3-kvm-pv: Add alloc/free domain
f0b7288c3a826c5c5b7debfd3f0f8b258e5bc5f9	2025-10-15	smmu-v3	ANDROID: iommu/arm-smmu-v3-kvm: deduplicate kvm_hyp_iommu
7c1524e4d7fcbc5842c483bddc104dfc3b23f474	2025-10-20	pvm-core	ANDROID: KVM: arm64: Remove -E2BIG handling in the p-guest dying path
a555ab2088ade92956634de4dd728ba226cb92ea	2025-10-20	pvm-core	ANDROID: KVM: arm64: Remove -ENOMEM handling for p-guest memshare
d857bf0617c6917cf43eb240e3da614e6aea28e2	2025-10-20	mem-opt	ANDROID: KVM: arm64: Do not silently split p-guest huge-mappings
6fbbc172dcfeffef4b09bea5866381f83fa99f3b	2025-10-20	mem-opt	ANDROID: KVM: arm64: Fix pins for split requests on last-level mappings
2090fb928ecd79fe2472f6d4e892870743d457f1	2025-10-21	mem-opt	ANDROID: KVM: arm64: Remove KVM_PGTABLE_S2_PREFAULT_BLOCK
d833601fdcb3b222e367c4590ec3f31596fd17dd	2025-10-22	pvm-core	ANDROID: KVM: arm64: Export kvm_nvhe alias of alt_cb_patch_nops
c236c861d22dbb88c90817f73f39e73facb27974	2025-10-23	modules	ANDROID: KVM: arm64: Enable MODULE_OWNED pages to be shared with a guest
5f443cfe9f3e8a67893419dfa258882601620409	2025-10-23	modules	ANDROID: KVM: arm64: Allow memcache topup from guest SMC handler
f7cb2f09cf06bfb80ef9f03938a8b12c8c28f594	2025-10-24	modules	ANDROID: KVM: arm64: Remove obsolete pkvm module ops callbacks
0451855154232493af5092232e09a4d31f033c6f	2025-10-24	smmu-v3	ANDROID: KVM: smmuv3: remove linkage to module ops callbacks for VA-PA translation
0c8467aa158c7ab7a94d71f93b36acd75a6d6007	2025-10-24	modules	ANDROID: KVM: arm64: hypervisor PA-VA conversions as inline functions accessible for hypervisor modules
6aa093fc88d561be5a4df9c27dea0690af4edfb1	2025-10-24	hyp-alloc	ANDROID: KVM: arm64: use prepare_mmu_memcache() in pkvm_mem_abort()
a2171cb6252301c90980d31a9186fefc7d55b4a4	2025-10-25	pviommu	ANDROID: iommu/arm-smmu-v3-kvm-pv: Create identity domain
6832a40e64ab1a45749214ed29422183e8c0b015	2025-10-26	iommu-core	ANDROID: iommu/io-pgtable-arm: Add put_pages callback
22857575fda757fd85597ea0d0bbf9f3158e1bc2	2025-10-26	smmu-v3	ANDROID: iommu/io-pgtable-arm: Add support for IO_PGTABLE_QUIRK_IDMAP
48fe920ba789dec8f79f65376c2edfb4ebebffd6	2025-10-27	iommu-core	ANDROID: KVM: arm64: iommu: Add Identity HVC
8e6420225a1cc166b0e070a81a86f346f58ae32b	2025-10-27	pvm-core	ANDROID: KVM: arm64: Show the name of non page-aligned protected regions
b5090a9bcc1c618f70e194e28042f7cbbc6d982e	2025-10-28	pvm-core	ANDROID: KVM: arm64: Export pkvm_enable_smc_forwarding()
7c6d52320d032ccfec321c3416c412f401966528	2025-10-28	pviommu	ANDROID: iommu/arm-smmu-v3-kvm-pv: Support IOMMU_DOMAIN_IDENTITY
4d9b9105bee142c44f167a2c11716c022807a002	2025-10-28	pviommu	ANDROID: iommu/arm-smmu-v3-kvm-pv: Add idmap tlb ops
176d967f237bfca86469d20315a86c1508ffaae4	2025-10-28	pviommu	ANDROID: iommu/arm-smmu-v3-kvm-pv: Add set_identity op
5cdcf4cf006e78839041a0d87c9a273b048c81bd	2025-10-29	iommu-core	ANDROID: Documentation: KVM: arm64: Add IOMMU support
76016cbf55692924508b842cdc2a00315bd570c1	2025-10-30	ffa	ANDROID: KVM: Prevent the guest from talking FF-A too early
6d03e70f159692c28d202c3d06da8d46e00efee9	2025-10-30	modules	ANDROID: KVM: arm64: sync_icache_alias for pKVM module symbols reloc
2625f47caccc5a8d5da1525d6caf190e132c8c53	2025-10-30	modules	ANDROID: KVM: arm64: Fix kern to mod VA for pKVM module symbols reloc
5c15e3ffea4832441a162e720de25f997ce8da51	2025-10-30	modules	ANDROID: KVM: arm64: Add a helper to convert kern VA into a pKVM mod VA
34418933450d1eb9b386d690ba60e0e2aa9a13c6	2025-11-03	modules	ANDROID: KVM: arm64: Remove token from pKVM module registration path
056e95da4aa20b77fb4d0883750bb32de63d6d92	2025-11-03	pvm-core	ANDROID: KVM: arm64: Trap access to ALLINT if FEAT_NMI not supported by the guest
5ae4336395853df2e79e234128c44c9352117c11	2025-11-05	pvm-core	ANDROID: KVM: arm64: Fix Trace Buffer trapping for protected VMs
54cc413bca2105e707a5a287430c578483fb51e3	2025-11-05	sve-sme	ANDROID: KVM: arm64: Do not support SVE for protected guests
736c737f9791ed7f269c5c159d732f1e3aedc02b	2025-11-06	ffa	ANDROID: KVM: arm64: Emit split request on mem_protect -E2BIG
6ea73ae95b115b8c0dda396bf05c80b7dd252aef	2025-11-10	iommu-core	ANDROID: KVM: arm64: iommu: Allow multiple kernel drivers
5a891054bcb470fb50fae2795c6e544cc26da35f	2025-11-10	pviommu	ANDROID: iommu/arm-smmu-v3-kvm: Remove IDMAP last level constraint
3053fd71634e399f956b609b4c0144224dbd20f2	2025-11-10	iommu-core	ANDROID: iommu/io-pgtable-arm: Re-introduce split logic for IDMAP
f748ef54f66a834482d41dfc656c583bd5ba2fdd	2025-11-10	pvm-core	ANDROID: KVM: arm64: Check whether a VM IOCTL is allowed in pKVM
c0776dc88a4d3a8270fa3a78ff943dcafa12598e	2025-11-10	pvm-core	ANDROID: KVM: arm64: Do not allow KVM_CAP_ARM_MTE for any guest in pKVM
c3799cb3b98f004a6c6a7a7ad2d390ca2c3278a6	2025-11-10	pvm-core	ANDROID: KVM: arm64: Include VM type when checking VM capabilities in pKVM
55f8237583cfa9f1de8078e3187ccd0478c88c93	2025-11-11	host-stage2	ANDROID: KVM: arm64: Prevent donation of non-memory regions to the guest
24dc7a937fb40791430380ef3a5ac066aa2a413a	2025-11-11	iommu-core	ANDROID: KVM: arm64: iommu: Support multiple drivers
29cb4b356264cca43b9494b47d76dab0062f88c6	2025-11-11	iommu-core	ANDROID: KVM: arm64: iommu: Don't rely on kvm_iommu_ops for pool
c7a38d2dca9ff89377d5b8b6f12ef561eb5b21e0	2025-11-11	pviommu	ANDROID: KVM: arm64: iommu: Add API for multi-drivers
766be88813859dd0533d4dbbad18dbf041d7b32e	2025-11-11	pvm-core	ANDROID: KVM: arm64: Disable Memory Tagging for all guests if not supported
f3c79f686aaa4b4cbeb8992048b255d2ffa645a8	2025-11-11	pvm-core	ANDROID: arm64: Disable MTE at EL1 and EL0 when not supported or disabled
d1da21fb344000b7889b34a12569814df9debac9	2025-11-12	iommu-core	ANDROID: drivers/misc: Add PKVM_IOMMU_TEMPLATE
0469832be7e88109a0d0a4775cd9323da78d2d0f	2025-11-12	pvm-core	ANDROID: KVM: arm64: Fix accesses to VMs in the VM Table in hyp
8b57d4a8a6ec17329419447b2cb35069fabbdbeb	2025-11-14	guest-side	ANDROID: drivers/virt: pkvm: Add PM driver for pKVM devices
e400678c65f0d15a4a8b12975153c7876cacc3e4	2025-11-14	device-assign	ANDROID: KVM: arm64: Advertise DEV_REQ_PWR to HYP_KVM_FEATURES
b483dde742c8ce745e3d8b1d4bb058600ef5c100	2025-11-14	pvm-core	ANDROID: KVM: arm64: KVM_GET_ONE_REG/KVM_SET_ONE_REG for p-guests
3dea92921845d08601d2cca2a9d907bb47489e77	2025-11-14	device-assign	ANDROID: KVM: arm64: Add p-guest HYP_KVM_DEV_REQ_PWR_FUNC_ID HVC
f5cc6cc09ea8317b0605433f438bbfa3615cb603	2025-11-14	modules	ANDROID: KVM: arm64: power_lock for pKVM modules
9b417c87909c31ca9e61ed7522f6e5f775862422	2025-11-14	pvm-core	ANDROID: KVM: arm64: Track KVM IOCTLs and their associated KVM caps
b938098e1147e1cf0b0c13d7a0995105c7978802	2025-11-18	modules	ANDROID: KVM: arm64: Add hyp_smp_processor_id() to module ops
b2963e0a94596f8c54266949a053bbd36c2a4b5e	2025-11-20	device-assign	ANDROID: vfio/platform: Implement VFIO_DEVICE_FEATURE_LOW_POWER_ENTRY/EXIT
d6924a4e04d5ecdb15ee70a3ed3d814c3ccd3a89	2025-11-21	pviommu	ANDROID: iommu/arm-smmu-v3-kvm-pv: Add attach_dev for stage-2
f18ce0910d4bcfd08260844acc33cead3b68ed9a	2025-11-21	pviommu	ANDROID: iommu/arm-smmu-v3-kvm-pv: Add attach_dev for stage-1
9007a6901371dfcf42ba6d58a22f34985608616a	2025-11-21	smmu-v3	ANDROID: iommu/arm-smmu-v3-kvm: Split SMMUv3 struct
c5c8fb9cd1cfa4d73cc2268c822ddffb0224cdac	2025-11-21	smmu-v3	ANDROID: iommu/arm-smmu-v3-kvm: Split hypervisor code
e5f72655811cfc81257f28f12d25d90fe25924a4	2025-11-21	ffa	ANDROID: KVM: arm64: Remove vCPU memcache -ENOMEM handling for p-guest FF-A
22b0cecb140904d2065c0e637eca2567e46f3a74	2025-11-26	tracing	ANDROID: KVM: arm64: Cleanup kvm_hyptrace.h include
e43d6e66e1cab629545e68b863168afb9bf36f83	2025-11-27	pviommu	ANDROID: KVM: arm64: iommu: Add a function to register pvIOMMU
a205c3eddd61f4a919d3d706ff7665e9f4abd300	2025-11-27	pvm-core	ANDROID: KVM: arm64: Drop unused sections from hypervisor
c3dd831389a4817089f682da9a20cb864b8b46cb	2025-11-27	tracing	ANDROID: KVM: arm64: Safeguard pKVM ftrace func addresses
cb217fbf36090eaf856b975abd1f6566f8f94145	2025-11-28	pvm-core	ANDROID: KVM: arm64: Fixes to tearing down RESERVED VMs
f33e07cbf025a2617a59a40d156d36f2d5ede10a	2025-12-03	mem-opt	ANDROID: KVM: arm64: Fix guest_share_host() with block-aligned range
a24779b029663944f27d0d547d902bbfbd47ca36	2025-12-04	pvm-core	ANDROID: KVM: arm64: Enable memslot ops for non-protected guest
8494bb026e923ad91cc8eec9c54cc323ad3050a9	2025-12-04	lock-tlb	ANDROID: KVM: arm64: Update fgt state for non-protected VMs on vCPU load
be9540790c4eea28876737aa2fec43559b5c6c13	2025-12-07	pviommu	ANDROID: iommu/io-pgtable-arm: Call put_pages when page table is freed
d14d301d24cd6b940704824c3953c91eeccd3ab9	2025-12-07	pvm-core	ANDROID: KVM: arm64: Don't fortify nvhe files
3a677e78d635c326d22bd5d21e6cf859149b43fe	2025-12-07	pviommu	ANDROID: iommu/arm-smmu-v3-kvm-pv: Track mapped DMA pages
6770db7e206afea1d8939a87399a220fc9ebff26	2025-12-11	tracing	ANDROID: KVM: arm64: Fix safeguarding pKVM ftrace module func addresses
064809c66530c505f017ee81a0bf1d8bc9becb8a	2025-12-12	iommu-core	ANDROID: KVM: arm64: iommu: Fix error path in kvm_iommu_register_ops
401c8883eb8e789cda2473efb03f4b787d284160	2025-12-15	pviommu	ANDROID: iommu/pkvm-pviommu: Set max_pasids
cd59e230cc115e6f4c7a5d7bfb4b2f3c3da494c4	2025-12-15	hyp-alloc	ANDROID: KVM: arm64: Add mising memcache refill in host_split_guest
ffa618ab916c7a313334e95c7dde1f9c548ad5d4	2025-12-16	mem-relinquish	ANDROID: KVM: arm64: support no poison variant of memrelinquish hvc
21ec4c574057e78e2882db6bd199316efe725d29	2025-12-18	pviommu	ANDROID: iommu/arm-smmu-v3-kvm: Fail domain operations before attach
8585f9fe499b686ccf09a6a21186470e6e3bf2eb	2025-12-18	host-stage2	ANDROID: KVM: arm64: Remove stale TODO
8b537f746ca3ba39a6a8bde6d01caaec1052323a	2025-12-19	host-stage2	ANDROID: KVM: arm64: Fix GCC warning in pkvm_get_guest_pa_request()
e4e9c70b7af75155575d8148ab055232f1539114	2025-12-19	host-stage2	ANDROID: KVM: arm64: Avoid hyp_vmemmap dereference for MMIO addresses
ce21a90efe7ea1ecbb7a3fd5f034a0c31c568669	2025-12-22	modules	ANDROID: KVM: arm64: Use path variable for modules
a63da85a28f9755f66bfc1cbc20e1b3a7130fca6	2025-12-23	tracing	ANDROID: KVM: arm64: Pop pKVM ftrace ret stack during stacktrace unwind
70904a635c2beaf5c04c5583b7e9e918adda1e0a	2025-12-30	pviommu	ANDROID: KVM: arm64: Don't use S2FWB for VM with devices
aa0f1474125dd00491c64718322753fd43544119	2026-01-05	pvm-core	ANDROID: KVM: arm64: Support 16k page granule for protected guests
c4b2cd8d91fc434acdb03294d20f99fd2f5d7690	2026-01-07	tracing	ANDROID: KVM: arm64: Return -EBUSY for all tracing HVCs on panic
3c8e634ed4378d1bf4ac15bbf312fd89832e5f9e	2026-01-07	tracing	ANDROID: KVM: arm64: Return an error from __pkvm_teardown_tracing
0deea53b329b09038053d1404e1bd2c41a70d6bd	2026-01-12	smc-handlers	ANDROID: KVM: arm64: Allow SMCCC_FILTER for p-guests
f0f57a27785e9bde34e7f118184603cacd8c3da3	2026-01-13	host-stage2	ANDROID: KVM: arm64: Remove WARN in pkvm_get_guest_pa_request
a02759432d4fa30dcb0827f2910185ebd4912a9f	2026-01-13	tracing	ANDROID: KVM: arm64: Make hyp_trace_printk=on robust to panic
3d9c71a80f8836af98dd866fcab3fe08c5a15c30	2026-01-15	host-stage2	ANDROID: KVM: Rework host <-> hyp donations functions
f8f85cd3d34fa6554490e36b74828f4a0f05f1d7	2026-01-16	host-stage2	ANDROID: KVM: arm64: Use a separated pool for host MMIO mappings
a07dcdf59f548794832a6ebff2f7d2a1fa4390a8	2026-01-16	hyp-alloc	ANDROID: KVM: arm64: Add hyp_pool_owned()
e44c0aa8fc2f30329fb3634c57c27452eb0b9542	2026-01-16	iommu-core	ANDROID: KVM: arm64: iommu: Implement IOMMU subsystem accounting
67239ff96e450231291b799c54dcb220c4a3876c	2026-01-16	hyp-alloc	ANDROID: KVM: arm64: Reclaim from one heap at a time
77e1412f9301728254098b54c904ff2b2f2e0eda	2026-01-16	hyp-alloc	ANDROID: KVM: arm64: Expose the number of hypervisor heaps to the kernel
3df52067fe1f0fbc2746194accc57a5e918aab8d	2026-01-16	ffa	ANDROID: KVM: arm64: Allow FFA_MEM_* to no-map regions
532f88120fce5866ecab038c3c1269714ce1940c	2026-01-16	pvm-core	ANDROID: KVM: arm64: Fix function when tracing isn't configured
494138689ced308d71627ef3e567a689e0b28da5	2026-01-19	hyp-req	ANDROID: KVM: arm64: Raise MEM_HOST_S2 hyp_req
14c919686267e322685439a7c1ec1b749293a240	2026-01-19	hyp-req	ANDROID: KVM: arm64: Add kvm_hyp_req for host stage-2
3280e4bd3ad5b30f208cf0e929b34f2a7a348407	2026-01-19	pviommu	ANDROID: KVM: arm64: Use a specific code for hyp_alloc ENOMEM
10a1a025d3b646aa5daa2636060ce308697e4437	2026-01-19	hyp-req	ANDROID: KVM: arm64: Use kvm_hyp_req smccc encoding for hyp_alloc
bd35b60d858650fd56a8db6c693eb5066ec42334	2026-01-19	pviommu	ANDROID: iommu/arm-smmu-v3-kvm: Make requests for hyp_alloc()
900af3253f677785635827f89d01469f5e173779	2026-01-19	iommu-core	ANDROID: KVM: arm64: Add kvm_iommu_request_hyp_alloc()
11afea074e524713343e0ad40b269d6c1ace2513	2026-01-19	pviommu	ANDROID: KVM: arm64: Fix the wrong type for alloc requests
b0617314212dc605769c8fbcfe5345ad9bf76384	2026-01-20	host-stage2	ANDROID: KVM: arm64: Make the host stage-2 pool reclaimable
95652a3f9229737c6a1227e0a9bc7a67b98c82c9	2026-01-20	mem-opt	ANDROID: KVM: arm64: Back the host stage-2 memory pool by a CMA region
49568cb930a604f5e6c38c84673f12e08cfa4657	2026-01-20	iommu-core	ANDROID: KVM: arm64: Allow to dynamically reclaim/topup hyp_pool range
a2857b1acb4642b8c470078e1d253a7776487340	2026-01-20	tracing	ANDROID: KVM: arm64: Extend trace_hyp_printk fmt_id to u16
bfe4dd980939e9c0ea4d832d182b138234ab457b	2026-01-21	hyp-alloc	ANDROID: KVM: arm64: Export pkvm_host_stage2_topup()
4421c1854bada188f8d6471a0dcd83084b6a5e47	2026-01-21	host-stage2	ANDROID: KVM: arm64: Attempt to reclaim host stage-2 memory
e5560a5d1539ad24bda917e28c8d4d1dc8fae495	2026-01-21	pvm-core	ANDROID: KVM: arm64: Correctly count the number of pages reclaimed
232596bce46d00b151e107ffe9e249916e31254c	2026-01-21	pvm-core	ANDROID: KVM: arm64: Remove duplicate PAGE_MASK usage
daaab212abf687b2a6537883b08d70110189bc31	2026-01-26	pviommu	ANDROID: KVM: arm64: Generalize kvm_hyp_req ser/des to smccc
d0d1ba766efe4f1eaa1260886c312fe96cfe04b1	2026-01-27	hyp-alloc	ANDROID: KVM: arm64: Propagate admit_host_page error
bbd7152d925d0a574c0dfcceb63a957b05e13ef2	2026-01-28	iommu-core	ANDROID: KVM: arm64: iommu: Fix infinite loop in kvm_iommu_map_sg
b0905842ae511c55dd7bd2e908b489082330169d	2026-02-02	iommu-core	ANDROID: KVM: arm64: Fail if no IOMMU driver exists
630ff8018177c0c7352227bde815803889f9da98	2026-02-03	device-assign	ANDROID: drivers/vfio: Call KVM directly
8def247e4dd2f98d802cfbdc8c0ab1f8723acc83	2026-02-03	iommu-core	ANDROID: KVM: arm64: iommu: Propagate the error code
58984c4a74c050ff6085dabd40ac0c694b18436a	2026-02-04	pvm-core	ANDROID: KVM: arm64: Disable GCS traps for the host in pKVM
0b09a95d4fe80ef9c33884bf1e902210d4a72f1c	2026-02-05	iommu-core	ANDROID: KVM: arm64: iommu: Parse dt binding from drivers
4f2d921c76ed6c178ba58a38c2459732a2e97106	2026-02-05	hyp-alloc	ANDROID: KVM: arm64: Fix error path in pkvm_alloc_private_va_range
578b45b5bfb52f1d6994b97e3174bb9306ff499a	2026-02-06	host-stage2	ANDROID: KVM: arm64: Remove page ownership check in host_stage2_adjust_range
e91f58887b3525b4f779df65432c1a3967f914e0	2026-02-11	modules	ANDROID: KVM: arm64: Add SMCCCv1.2 call module API
cf3238675fa9890c973ba70ee292fd2a93539abc	2026-02-12	device-assign	ANDROID: KVM: arm64: Refactor pKVM device resources lookup
b76ec5cb352386e206ef410d95e5c6ffdc4be772	2026-02-18	device-assign	ANDROID: drivers/vfio: Allow non-coherent device for pKVM
1af5bd6abb79f547769ec5d647c5b512c47e6870	2026-02-18	modules	ANDROID: KVM: arm64: Dedicated hyp VA space for pKVM modules
abe2dbc4cf7c895be37efeec5389e7c1afaf540e	2026-02-18	smmu-v3	ANDROID: iommu/arm-smmu-v3-kvm: Use hyp_alloc() for data
1a3ec3e7d576a0afd4d217a5537282f51960880c	2026-02-20	pvm-core	ANDROID: KVM: arm64: Use $(obj) for nVHE compilation rules
392f0a4020cddebc0dc9e3aa9f2ab1c39860ef52	2026-02-26	iommu-core	ANDROID: KVM: arm64: Use void pointer for IOMMU domain owner
5311990a31e8095d2231871afd41319632a3efb2	2026-03-01	selftests	ANDROID: KVM: arm64: selftests: Add PIE and POE tests for pVMs
c4ac1dcf27b0ce053144cc41aadeab200d2f2872	2026-03-01	pvm-core	ANDROID: KVM: arm64: Expose PIE and POE in ID_AA64MMFR3_EL1
7b74ac48b888c90e83ad3356e26ace630b82f064	2026-03-02	selftests	ANDROID: KVM: arm64: selftests: Print success once all tests have passed
0db72ba395c2cb78986dce8bd5b525817a26c530	2026-03-02	lock-tlb	ANDROID: KVM: arm64: Load the fgt bits for every initialized vcpu at EL2
2f550e64160f24886c303710d2dde0f51114a1da	2026-03-03	iommu-core	ANDROID: misc: pkvm-iommu-temp: Don't allocate memory
135e272dc721da829fe46a6e61653b6a4b849827	2026-03-04	tracing	ANDROID: KVM: arm64: Add hyp event for device power lock
44597552597559b37656015823a581367419529f	2026-03-11	host-stage2	ANDROID: KVM: arm64: Add __host_stage2_set_owner_complete()
2bacd93f8474fa16c0c82c6b1e54c6f96f94e176	2026-03-13	hyp-req	ANDROID: KVM: arm64: Raise MEM_HOST_S2 hyp_req for p-guest HVCs
ecfd00fdda0897d05a38ce51dc75d5f3292fa3b7	2026-03-16	iommu-core	ANDROID: misc: pkvm-iommu-temp: Don't init without pKVM
a20e80fe84611e9a8de56ab664704cb5ef8ec1b6	2026-03-16	pvm-core	ANDROID: KVM: arm64: Fix pkvm_unmap_module_sections() for missing sections
9903c3f7a641335376928e8b39a1bfb2781c17fe	2026-03-16	tracing	ANDROID: KVM: arm64: Skip PAC when popping pKVM ftrace ret stack
27c21bf5c2bc426e750aa61d7a876b06b99cefcf	2026-03-17	pviommu	ANDROID: KVM: arm64: Add return error to kvm_iommu_host_stage2_idmap
0542aa62945adebcdf26fa4ead63e61719ec38b6	2026-03-17	psci-memprotect	ANDROID: KVM: arm64: Add PSCI_MEM_PROTECT to host_set_page_state_flags
c4f6801c9e4b3119b0e0a0cc10ff7712662b3fd8	2026-03-17	host-stage2	ANDROID: KVM: arm64: Add host_set_page_state_flags
c847c0ad98fa5c392064be60127929251ab96015	2026-03-17	hyp-alloc	ANDROID: KVM: arm64: Respect nr_pages in reclaim_hyp_pool()
440e49d40a7ad291f496b25bb04c51a0eac82a9f	2026-03-18	pvm-core	ANDROID: KVM: arm64: Add kvm-arm.host_s2 cmdline knob
378c649746df0a03b63c55eb652a3981b82ebdca	2026-03-18	hyp-req	ANDROID: KVM: arm64: Add kvm_handle_hyp_req event
46a47dabde09adadc07f6c129cfd0060ec0fa6f9	2026-03-18	host-stage2	ANDROID: KVM: arm64: __host_stage2_set_owner_locked ret allowlist
f892665792b7378dc98c4779c1ca30b3e9b9351f	2026-03-18	host-stage2	ANDROID: KVM: arm64: host_stage2_idmap_locked() to return -ENOMEMHOSTS2
f670519039b4ee4949364fe99c1ddc8dbf482931	2026-03-18	pviommu	ANDROID: iommu/arm-smmu-v3-kvm: Provide memcpy symbol for EL2
b5e2591f00c269f1c3532b7d5c6f8984ecffd20c	2026-03-23	tracing	ANDROID: KVM: arm64: hex format for power_lock hyp event
14ce4733983210854589f76a75913394f9229fdb	2026-03-23	device-assign	ANDROID: KVM: arm64: Sanitize host return code for KVM_DEV_REQ_PWR_FUNC
b882c90a86964228a32c665c504a42423958a3a7	2026-03-23	hyp-alloc	ANDROID: kvm: arm64: Fix hyp_pool_reclaim()
dc64d4e6aa0454f3d70699e1e05d444bc05e62df	2026-03-25	iommu-core	ANDROID: KVM: arm64: iommu: Translate exec pgtable prot into IOMMU prot
ccbd152306822bc3d1cbdcc8995621a1bfcf2f67	2026-03-26	iommu-core	ANDROID: iommu: Pad IOMMU structs for KMI
8dca09c0d0816546ba97b33ced07e49e9c59d52b	2026-03-27	mem-opt	ANDROID: KVM: arm64: Remove pKVM host stage-2 CMA lock
411db8809dba7fb57f11183e455ebd3199970eff	2026-04-08	smmu-v3	ANDROID: iommu/arm-smmu-v3-kvm: Add barrier before updating SMMU_CMDQ_PROD
8a89013c7cf36b9eb267ba0dbb350b03147716c6	2026-04-09	pviommu	ANDROID: iommu/arm-smmu-v3-kvm-pv: Remove percpu variable
